Site.ID,Transect,Event,Year,Month,Plot.Area.m2,Live Biomass.g,Dead Biomass.g,Live Change.g,Dead Change.g,Interval Production.g,Sum.Intervals.g,Total.ANPP. g.m-2.y-1
BA-01-04,1,T1,2012,06,0.25,147.67,172.02,-9.11,-58.3,0,416.407,832.814
BA-01-04,1,T2,2012,10,0.25,138.56,113.72,-63.6,172.53,108.93,NA,NA
BA-01-04,1,T3,2013,02,0.25,74.96,286.25,103.857,-103.353,103.857,NA,NA
BA-01-04,1,T4,2013,05,0.25,178.817,182.897,19.87,-3.3,19.87,NA,NA
BA-01-04,1,T5,2013,07,0.25,198.687,179.597,-112.847,-69.297,0,NA,NA
BA-01-04,1,T6,2013,10,0.25,85.84,110.3,-85.84,187.68,101.84,NA,NA
BA-01-04,1,T7,2014,02,0.25,0,297.98,81.91,-92.66,81.91,NA,NA
BA-01-04,1,T8,2014,04,0.25,81.91,205.32,-5.53,-116.1,0,NA,NA
BA-01-04,1,T9,2014,07,0.25,76.38,89.22,NA,NA,NA,NA,NA
BA-01-04,2,T1,2012,06,0.25,168.69,66.4,10.07,74.8,84.87,708.137,1416.274
BA-01-04,2,T2,2012,10,0.25,178.76,141.2,-126.62,372.62,246,NA,NA
BA-01-04,2,T3,2013,02,0.25,52.14,513.82,69.727,-234.733,69.727,NA,NA
BA-01-04,2,T4,2013,05,0.25,121.867,279.087,5.58,-23.11,5.58,NA,NA
BA-01-04,2,T5,2013,07,0.25,127.447,255.977,-56.757,-137.937,0,NA,NA
BA-01-04,2,T6,2013,10,0.25,70.69,118.04,-70.69,222.79,152.1,NA,NA
BA-01-04,2,T7,2014,02,0.25,0,340.83,89.11,-180.82,89.11,NA,NA
BA-01-04,2,T8,2014,04,0.25,89.11,160.01,60.75,-70.36,60.75,NA,NA
BA-01-04,2,T9,2014,07,0.25,149.86,89.65,NA,NA,NA,NA,NA
BA-01-04,3,T1,2012,06,0.25,127.25,70.79,-54.31,163.89,109.58,666.44,1332.88
BA-01-04,3,T2,2012,10,0.25,72.94,234.68,-15.19,154.85,139.66,NA,NA
BA-01-04,3,T3,2013,02,0.25,57.75,389.53,88.747,-50.123,88.747,NA,NA
BA-01-04,3,T4,2013,05,0.25,146.497,339.407,-79.38,-72.68,0,NA,NA
BA-01-04,3,T5,2013,07,0.25,67.117,266.727,11.183,-154.637,11.183,NA,NA
BA-01-04,3,T6,2013,10,0.25,78.3,112.09,-78.3,219.16,140.86,NA,NA
BA-01-04,3,T7,2014,02,0.25,0,331.25,124.51,-81.74,124.51,NA,NA
BA-01-04,3,T8,2014,04,0.25,124.51,249.51,51.9,-212.5,51.9,NA,NA
BA-01-04,3,T9,2014,07,0.25,176.41,37.01,NA,NA,NA,NA,NA
BA-01-04,4,T1,2012,06,0.25,144.33,58.09,-125.82,193.02,67.2,773.097,1546.194
BA-01-04,4,T2,2012,10,0.25,18.51,251.11,41.61,-9.08,41.61,NA,NA
BA-01-04,4,T3,2013,02,0.25,60.12,242.03,31.817,-181.423,31.817,NA,NA
BA-01-04,4,T4,2013,05,0.25,91.937,60.607,154,74.84,228.84,NA,NA
BA-01-04,4,T5,2013,07,0.25,245.937,135.447,-214.717,-72.887,0,NA,NA
BA-01-04,4,T6,2013,10,0.25,31.22,62.56,-31.22,331.12,299.9,NA,NA
BA-01-04,4,T7,2014,02,0.25,0,393.68,101.41,-214.37,101.41,NA,NA
BA-01-04,4,T8,2014,04,0.25,101.41,179.31,2.32,-112,2.32,NA,NA
BA-01-04,4,T9,2014,07,0.25,103.73,67.31,NA,NA,NA,NA,NA
BA-01-04,5,T1,2012,06,0.25,332.49,242.87,-299.89,12.72,0,642.107,1284.214
BA-01-04,5,T2,2012,10,0.25,32.6,255.59,1.7,57.11,58.81,NA,NA
BA-01-04,5,T3,2013,02,0.25,34.3,312.7,75.207,-259.333,75.207,NA,NA
BA-01-04,5,T4,2013,05,0.25,109.507,53.367,193.49,18.88,212.37,NA,NA
BA-01-04,5,T5,2013,07,0.25,302.997,72.247,-216.457,64.213,0,NA,NA
BA-01-04,5,T6,2013,10,0.25,86.54,136.46,-86.54,149.29,62.75,NA,NA
BA-01-04,5,T7,2014,02,0.25,0,285.75,154.91,-203.14,154.91,NA,NA
BA-01-04,5,T8,2014,04,0.25,154.91,82.61,71.38,6.68,78.06,NA,NA
BA-01-04,5,T9,2014,07,0.25,226.29,89.29,NA,NA,NA,NA,NA
CRMS0175,1,T1,2012,06,0.25,66.67,256.38,8.744,-218.206,8.744,714.12,1428.24
CRMS0175,1,T2,2012,10,0.25,75.414,38.174,-22.417,89.443,67.026,NA,NA
CRMS0175,1,T3,2013,02,0.25,52.997,127.617,4.85,-18.13,4.85,NA,NA
CRMS0175,1,T4,2013,05,0.25,57.847,109.487,93.2,-24.47,93.2,NA,NA
CRMS0175,1,T5,2013,07,0.25,151.047,85.017,-5.657,-36.067,0,NA,NA
CRMS0175,1,T6,2013,10,0.25,145.39,48.95,-131.56,74.63,0,NA,NA
CRMS0175,1,T7,2014,02,0.25,13.83,123.58,66.96,-16.25,66.96,NA,NA
CRMS0175,1,T8,2014,04,0.25,80.79,107.33,209.52,263.82,473.34,NA,NA
CRMS0175,1,T9,2014,07,0.25,290.31,371.15,NA,NA,NA,NA,NA
CRMS0175,2,T1,2012,06,0.25,93.09,326.67,-66.466,-289.756,0,391.559,783.118
CRMS0175,2,T2,2012,10,0.25,26.624,36.914,-3.157,50.813,47.656,NA,NA
CRMS0175,2,T3,2013,02,0.25,23.467,87.727,22.86,13.25,36.11,NA,NA
CRMS0175,2,T4,2013,05,0.25,46.327,100.977,53.25,-26.11,53.25,NA,NA
CRMS0175,2,T5,2013,07,0.25,99.577,74.867,2.843,-23.657,2.843,NA,NA
CRMS0175,2,T6,2013,10,0.25,102.42,51.21,-94.37,-22.82,0,NA,NA
CRMS0175,2,T7,2014,02,0.25,8.05,28.39,24.22,25.41,49.63,NA,NA
CRMS0175,2,T8,2014,04,0.25,32.27,53.8,183.54,18.53,202.07,NA,NA
CRMS0175,2,T9,2014,07,0.25,215.81,72.33,NA,NA,NA,NA,NA
CRMS0175,3,T1,2012,06,0.25,87.6,181.26,16.914,-140.306,16.914,249.974,499.948
CRMS0175,3,T2,2012,10,0.25,104.514,40.954,-102.057,11.763,0,NA,NA
CRMS0175,3,T3,2013,02,0.25,2.457,52.717,30.83,-4.18,30.83,NA,NA
CRMS0175,3,T4,2013,05,0.25,33.287,48.537,0.56,-40.13,0.56,NA,NA
CRMS0175,3,T5,2013,07,0.25,33.847,8.407,-20.167,-8.407,0,NA,NA
CRMS0175,3,T6,2013,10,0.25,13.68,0,-11.15,59.28,48.13,NA,NA
CRMS0175,3,T7,2014,02,0.25,2.53,59.28,28.62,-5.42,28.62,NA,NA
CRMS0175,3,T8,2014,04,0.25,31.15,53.86,82.65,42.27,124.92,NA,NA
CRMS0175,3,T9,2014,07,0.25,113.8,96.13,NA,NA,NA,NA,NA
CRMS0175,4,T1,2012,06,0.25,86.76,275.33,175.254,0.914,176.168,534.691,1069.382
CRMS0175,4,T2,2012,10,0.25,262.014,276.244,-273.717,-216.997,0,NA,NA
CRMS0175,4,T3,2013,02,0.25,-11.703,59.247,33.36,0.47,33.83,NA,NA
CRMS0175,4,T4,2013,05,0.25,21.657,59.717,81.44,-8.23,81.44,NA,NA
CRMS0175,4,T5,2013,07,0.25,103.097,51.487,3.993,-10.767,3.993,NA,NA
CRMS0175,4,T6,2013,10,0.25,107.09,40.72,-103.87,3.18,0,NA,NA
CRMS0175,4,T7,2014,02,0.25,3.22,43.9,39.93,28.2,68.13,NA,NA
CRMS0175,4,T8,2014,04,0.25,43.15,72.1,95.83,75.3,171.13,NA,NA
CRMS0175,4,T9,2014,07,0.25,138.98,147.4,NA,NA,NA,NA,NA
CRMS0175,5,T1,2012,06,0.25,35.27,436.33,28.914,-402.006,28.914,186.754,373.508
CRMS0175,5,T2,2012,10,0.25,64.184,34.324,-43.297,12.933,0,NA,NA
CRMS0175,5,T3,2013,02,0.25,20.887,47.257,22.17,36.87,59.04,NA,NA
CRMS0175,5,T4,2013,05,0.25,43.057,84.127,22.99,-28.52,22.99,NA,NA
CRMS0175,5,T5,2013,07,0.25,66.047,55.607,-47.387,-22.027,0,NA,NA
CRMS0175,5,T6,2013,10,0.25,18.66,33.58,-16.69,-15.65,0,NA,NA
CRMS0175,5,T7,2014,02,0.25,1.97,17.93,34.14,33.5,67.64,NA,NA
CRMS0175,5,T8,2014,04,0.25,36.11,51.43,8.17,-0.77,8.17,NA,NA
CRMS0175,5,T9,2014,07,0.25,44.28,50.66,NA,NA,NA,NA,NA
CRMS0211,1,T1,2012,06,0.25,154.14,79.57,222.46,26.13,248.59,814.54,1629.08
CRMS0211,1,T2,2012,10,0.25,376.6,105.7,-323.25,118.47,0,NA,NA
CRMS0211,1,T3,2013,02,0.25,53.35,224.17,34.927,-99.273,34.927,NA,NA
CRMS0211,1,T4,2013,05,0.25,88.277,124.897,161.72,49.99,211.71,NA,NA
CRMS0211,1,T5,2013,07,0.25,249.997,174.887,68.703,-58.777,68.703,NA,NA
CRMS0211,1,T6,2013,10,0.25,318.7,116.11,-315.14,-75.86,0,NA,NA
CRMS0211,1,T7,2014,02,0.25,3.56,40.25,103.02,-10.3,103.02,NA,NA
CRMS0211,1,T8,2014,04,0.25,106.58,29.95,147.59,-0.13,147.59,NA,NA
CRMS0211,1,T9,2014,07,0.25,254.17,29.82,NA,NA,NA,NA,NA
CRMS0211,2,T1,2012,06,0.25,152.77,63.39,50.2,123.47,173.67,646.233,1292.466
CRMS0211,2,T2,2012,10,0.25,202.97,186.86,-191.97,-54.5,0,NA,NA
CRMS0211,2,T3,2013,02,0.25,11,132.36,109.897,-29.363,109.897,NA,NA
CRMS0211,2,T4,2013,05,0.25,120.897,102.997,109.62,3.81,113.43,NA,NA
CRMS0211,2,T5,2013,07,0.25,230.517,106.807,54.083,28.123,82.206,NA,NA
CRMS0211,2,T6,2013,10,0.25,284.6,134.93,-284.6,-65.31,0,NA,NA
CRMS0211,2,T7,2014,02,0.25,0,69.62,83.37,-65.18,83.37,NA,NA
CRMS0211,2,T8,2014,04,0.25,83.37,4.44,64.36,19.3,83.66,NA,NA
CRMS0211,2,T9,2014,07,0.25,147.73,23.74,NA,NA,NA,NA,NA
CRMS0211,3,T1,2012,06,0.25,150.4,67.77,-22.61,98.98,76.37,536.41,1072.82
CRMS0211,3,T2,2012,10,0.25,127.79,166.75,-116.7,-28.82,0,NA,NA
CRMS0211,3,T3,2013,02,0.25,11.09,137.93,87.177,17.197,104.374,NA,NA
CRMS0211,3,T4,2013,05,0.25,98.267,155.127,65.56,-26.29,65.56,NA,NA
CRMS0211,3,T5,2013,07,0.25,163.827,128.837,-28.587,31.363,2.776,NA,NA
CRMS0211,3,T6,2013,10,0.25,135.24,160.2,-135.24,107.31,0,NA,NA
CRMS0211,3,T7,2014,02,0.25,0,267.51,82.54,-250.78,82.54,NA,NA
CRMS0211,3,T8,2014,04,0.25,82.54,16.73,189.22,15.57,204.79,NA,NA
CRMS0211,3,T9,2014,07,0.25,271.76,32.3,NA,NA,NA,NA,NA
CRMS0211,4,T1,2012,06,0.25,149.56,68.79,179.6,113.04,292.64,684.477,1368.954
CRMS0211,4,T2,2012,10,0.25,329.16,181.83,-272.28,-56.01,0,NA,NA
CRMS0211,4,T3,2013,02,0.25,56.88,125.82,46.887,-6.023,46.887,NA,NA
CRMS0211,4,T4,2013,05,0.25,103.767,119.797,110.98,-12.87,110.98,NA,NA
CRMS0211,4,T5,2013,07,0.25,214.747,106.927,-122.497,50.263,0,NA,NA
CRMS0211,4,T6,2013,10,0.25,92.25,157.19,-92.25,108.7,16.45,NA,NA
CRMS0211,4,T7,2014,02,0.25,0,265.89,114.56,-114.92,114.56,NA,NA
CRMS0211,4,T8,2014,04,0.25,114.56,150.97,102.96,-64.5,102.96,NA,NA
CRMS0211,4,T9,2014,07,0.25,217.52,86.47,NA,NA,NA,NA,NA
CRMS0211,5,T1,2012,06,0.25,121.96,57.93,-9.82,153.42,143.6,611.044,1222.088
CRMS0211,5,T2,2012,10,0.25,112.14,211.35,-60.61,-74.59,0,NA,NA
CRMS0211,5,T3,2013,02,0.25,51.53,136.76,68.537,31.017,99.554,NA,NA
CRMS0211,5,T4,2013,05,0.25,120.067,167.777,101.19,-6.01,101.19,NA,NA
CRMS0211,5,T5,2013,07,0.25,221.257,161.767,-145.537,22.693,0,NA,NA
CRMS0211,5,T6,2013,10,0.25,75.72,184.46,-75.72,-15.18,0,NA,NA
CRMS0211,5,T7,2014,02,0.25,0,169.28,112.42,-131.9,112.42,NA,NA
CRMS0211,5,T8,2014,04,0.25,112.42,37.38,127.54,26.74,154.28,NA,NA
CRMS0211,5,T9,2014,07,0.25,239.96,64.12,NA,NA,NA,NA,NA
CRMS0224,1,T1,2012,06,0.25,97.77,194.6,69.484,-166.266,69.484,734.744,1469.488
CRMS0224,1,T2,2012,10,0.25,167.254,28.334,-67.674,120.446,52.772,NA,NA
CRMS0224,1,T3,2013,02,0.25,99.58,148.78,160.847,105.827,266.674,NA,NA
CRMS0224,1,T4,2013,05,0.25,260.427,254.607,-33.98,-84.49,0,NA,NA
CRMS0224,1,T5,2013,07,0.25,226.447,170.117,-86.467,20.563,0,NA,NA
CRMS0224,1,T6,2013,10,0.25,139.98,190.68,27.437,68.487,95.924,NA,NA
CRMS0224,1,T7,2014,02,0.25,167.417,259.167,-76.207,-120.957,0,NA,NA
CRMS0224,1,T8,2014,04,0.25,91.21,138.21,192.5,57.39,249.89,NA,NA
CRMS0224,1,T9,2014,07,0.25,283.71,195.6,NA,NA,NA,NA,NA
CRMS0224,2,T1,2012,06,0.25,109.9,199.35,69.774,-99.046,69.774,501.681,1003.362
CRMS0224,2,T2,2012,10,0.25,179.674,100.304,-53.094,74.676,21.582,NA,NA
CRMS0224,2,T3,2013,02,0.25,126.58,174.98,-66.463,-11.683,0,NA,NA
CRMS0224,2,T4,2013,05,0.25,60.117,163.297,95.1,58.67,153.77,NA,NA
CRMS0224,2,T5,2013,07,0.25,155.217,221.967,6.603,-123.207,6.603,NA,NA
CRMS0224,2,T6,2013,10,0.25,161.82,98.76,-118.781,79.979,0,NA,NA
CRMS0224,2,T7,2014,02,0.25,43.039,178.739,14.771,43.671,58.442,NA,NA
CRMS0224,2,T8,2014,04,0.25,57.81,222.41,172.23,19.28,191.51,NA,NA
CRMS0224,2,T9,2014,07,0.25,230.04,241.69,NA,NA,NA,NA,NA
CRMS0224,3,T1,2012,06,0.25,210.29,301.11,306.544,187.634,494.178,1599.266,3198.532
CRMS0224,3,T2,2012,10,0.25,516.834,488.744,-346.304,-283.544,0,NA,NA
CRMS0224,3,T3,2013,02,0.25,170.53,205.2,192.367,244.017,436.384,NA,NA
CRMS0224,3,T4,2013,05,0.25,362.897,449.217,-225.77,-376.3,0,NA,NA
CRMS0224,3,T5,2013,07,0.25,137.127,72.917,-107.107,-46.327,0,NA,NA
CRMS0224,3,T6,2013,10,0.25,30.02,26.59,227.137,190.747,417.884,NA,NA
CRMS0224,3,T7,2014,02,0.25,257.157,217.337,-222.547,-120.127,0,NA,NA
CRMS0224,3,T8,2014,04,0.25,34.61,97.21,103.36,147.46,250.82,NA,NA
CRMS0224,3,T9,2014,07,0.25,137.97,244.67,NA,NA,NA,NA,NA
CRMS0224,4,T1,2012,06,0.25,345.86,304.04,-103.706,-98.686,0,606.038,1212.076
CRMS0224,4,T2,2012,10,0.25,242.154,205.354,-39.814,49.256,9.442,NA,NA
CRMS0224,4,T3,2013,02,0.25,202.34,254.61,95.237,107.157,202.394,NA,NA
CRMS0224,4,T4,2013,05,0.25,297.577,361.767,-107.2,-228.81,0,NA,NA
CRMS0224,4,T5,2013,07,0.25,190.377,132.957,-117.347,-80.727,0,NA,NA
CRMS0224,4,T6,2013,10,0.25,73.03,52.23,-50.541,29.259,0,NA,NA
CRMS0224,4,T7,2014,02,0.25,22.489,81.489,146.621,87.721,234.342,NA,NA
CRMS0224,4,T8,2014,04,0.25,169.11,169.21,69.16,90.7,159.86,NA,NA
CRMS0224,4,T9,2014,07,0.25,238.27,259.91,NA,NA,NA,NA,NA
CRMS0224,5,T1,2012,06,0.25,213.13,209.83,-65.186,-58.226,0,812.676,1625.352
CRMS0224,5,T2,2012,10,0.25,147.944,151.604,-37.934,72.176,34.242,NA,NA
CRMS0224,5,T3,2013,02,0.25,110.01,223.78,50.247,32.497,82.744,NA,NA
CRMS0224,5,T4,2013,05,0.25,160.257,256.277,206,28.12,234.12,NA,NA
CRMS0224,5,T5,2013,07,0.25,366.257,284.397,-251.347,-239.567,0,NA,NA
CRMS0224,5,T6,2013,10,0.25,114.91,44.83,-60.321,90.249,29.928,NA,NA
CRMS0224,5,T7,2014,02,0.25,54.589,135.079,85.021,107.131,192.152,NA,NA
CRMS0224,5,T8,2014,04,0.25,139.61,242.21,167.51,71.98,239.49,NA,NA
CRMS0224,5,T9,2014,07,0.25,307.12,314.19,NA,NA,NA,NA,NA
CRMS0225,1,T1,2012,06,0.25,374.32,411.05,-275.386,-227.916,0,#VALUE!,#VALUE!
CRMS0225,1,T2,2012,10,0.25,98.934,183.134,-54.937,-49.167,0,NA,NA
CRMS0225,1,T3,2013,02,0.25,43.997,133.967,132.1,15.66,147.76,NA,NA
CRMS0225,1,T4,2013,05,0.25,176.097,149.627,165.94,-2.62,165.94,NA,NA
CRMS0225,1,T5,2013,07,0.25,342.037,147.007,-210.847,-58.597,0,NA,NA
CRMS0225,1,T6,2013,10,0.25,131.19,88.41,-102.86,15.75,0,NA,NA
CRMS0225,1,T7,2014,02,0.25,28.33,104.16,#VALUE!,#VALUE!,#VALUE!,NA,NA
CRMS0225,1,T8,2014,04,0.25,NA,NA,#VALUE!,#VALUE!,#VALUE!,NA,NA
CRMS0225,1,T9,2014,07,0.25,60.82,338.94,NA,NA,NA,NA,NA
CRMS0225,2,T1,2012,06,0.25,237.83,873.21,-223.996,-767.476,0,612.583,1225.166
CRMS0225,2,T2,2012,10,0.25,13.834,105.734,1.113,-25.457,1.113,NA,NA
CRMS0225,2,T3,2013,02,0.25,14.947,80.277,43.12,18.93,62.05,NA,NA
CRMS0225,2,T4,2013,05,0.25,58.067,99.207,135.03,-53.79,135.03,NA,NA
CRMS0225,2,T5,2013,07,0.25,193.097,45.417,-159.577,88.573,0,NA,NA
CRMS0225,2,T6,2013,10,0.25,33.52,133.99,-28.12,137.21,109.09,NA,NA
CRMS0225,2,T7,2014,02,0.25,5.4,271.2,104.21,-32.68,104.21,NA,NA
CRMS0225,2,T8,2014,04,0.25,109.61,238.52,201.09,-92.58,201.09,NA,NA
CRMS0225,2,T9,2014,07,0.25,310.7,145.94,NA,NA,NA,NA,NA
CRMS0225,3,T1,2012,06,0.25,191.07,1279.87,-185.916,-1224.076,0,394.996,789.992
CRMS0225,3,T2,2012,10,0.25,5.154,55.794,38.403,0.733,39.136,NA,NA
CRMS0225,3,T3,2013,02,0.25,43.557,56.527,44.39,19.05,63.44,NA,NA
CRMS0225,3,T4,2013,05,0.25,87.947,75.577,108.25,-0.68,108.25,NA,NA
CRMS0225,3,T5,2013,07,0.25,196.197,74.897,-164.987,-19.697,0,NA,NA
CRMS0225,3,T6,2013,10,0.25,31.21,55.2,-16.24,70.87,54.63,NA,NA
CRMS0225,3,T7,2014,02,0.25,14.97,126.07,129.54,-29.56,129.54,NA,NA
CRMS0225,3,T8,2014,04,0.25,144.51,96.51,-2.71,-71.62,0,NA,NA
CRMS0225,3,T9,2014,07,0.25,141.8,24.89,NA,NA,NA,NA,NA
CRMS0225,4,T1,2012,06,0.25,214.51,229.56,-201.176,-89.766,0,380.503,761.006
CRMS0225,4,T2,2012,10,0.25,13.334,139.794,7.163,-51.317,7.163,NA,NA
CRMS0225,4,T3,2013,02,0.25,20.497,88.477,44.26,-46.81,44.26,NA,NA
CRMS0225,4,T4,2013,05,0.25,64.757,41.667,91.6,78.48,170.08,NA,NA
CRMS0225,4,T5,2013,07,0.25,156.357,120.147,-116.937,33.013,0,NA,NA
CRMS0225,4,T6,2013,10,0.25,39.42,153.16,-38.01,-112.76,0,NA,NA
CRMS0225,4,T7,2014,02,0.25,1.41,40.4,57.6,64.51,122.11,NA,NA
CRMS0225,4,T8,2014,04,0.25,59.01,104.91,36.89,-2.21,36.89,NA,NA
CRMS0225,4,T9,2014,07,0.25,95.9,102.7,NA,NA,NA,NA,NA
CRMS0225,5,T1,2012,06,0.25,97.16,1253.31,-96.116,-1142.366,0,528.136,1056.272
CRMS0225,5,T2,2012,10,0.25,1.044,110.944,55.333,39.253,94.586,NA,NA
CRMS0225,5,T3,2013,02,0.25,56.377,150.197,50.91,-8.97,50.91,NA,NA
CRMS0225,5,T4,2013,05,0.25,107.287,141.227,121.87,21.42,143.29,NA,NA
CRMS0225,5,T5,2013,07,0.25,229.157,162.647,-227.347,-102.787,0,NA,NA
CRMS0225,5,T6,2013,10,0.25,1.81,59.86,-0.17,25.17,25,NA,NA
CRMS0225,5,T7,2014,02,0.25,1.64,85.03,141.67,72.68,214.35,NA,NA
CRMS0225,5,T8,2014,04,0.25,143.31,157.71,-20.54,-3.51,0,NA,NA
CRMS0225,5,T9,2014,07,0.25,122.77,154.2,NA,NA,NA,NA,NA
CRMS0237,1,T1,2012,06,0.25,210.78,329.31,-59.936,-288.166,0,484.687,969.374
CRMS0237,1,T2,2012,10,0.25,150.844,41.144,-101.384,33.096,0,NA,NA
CRMS0237,1,T3,2013,02,0.25,49.46,74.24,26.847,68.427,95.274,NA,NA
CRMS0237,1,T4,2013,05,0.25,76.307,142.667,79.61,3.68,83.29,NA,NA
CRMS0237,1,T5,2013,07,0.25,155.917,146.347,62.043,-48.007,62.043,NA,NA
CRMS0237,1,T6,2013,10,0.25,217.96,98.34,-206.22,42.94,0,NA,NA
CRMS0237,1,T7,2014,02,0.25,11.74,141.28,138.68,96.94,235.62,NA,NA
CRMS0237,1,T8,2014,04,0.25,150.42,238.22,8.46,-12.84,8.46,NA,NA
CRMS0237,1,T9,2014,07,0.25,158.88,225.38,NA,NA,NA,NA,NA
CRMS0237,2,T1,2012,06,0.25,134.57,42,135.204,93.024,228.228,619.788,1239.576
CRMS0237,2,T2,2012,10,0.25,269.774,135.024,-155.584,-6.224,0,NA,NA
CRMS0237,2,T3,2013,02,0.25,114.19,128.8,-60.413,52.817,0,NA,NA
CRMS0237,2,T4,2013,05,0.25,53.777,181.617,234.12,22.82,256.94,NA,NA
CRMS0237,2,T5,2013,07,0.25,287.897,204.437,-132.697,-88.357,0,NA,NA
CRMS0237,2,T6,2013,10,0.25,155.2,116.08,47.41,87.21,134.62,NA,NA
CRMS0237,2,T7,2014,02,0.25,202.61,203.29,-52.5,-1.48,0,NA,NA
CRMS0237,2,T8,2014,04,0.25,150.11,201.81,-115.93,-128.73,0,NA,NA
CRMS0237,2,T9,2014,07,0.25,34.18,73.08,NA,NA,NA,NA,NA
CRMS0237,3,T1,2012,06,0.25,115.45,182.62,95.374,-113.666,95.374,444.822,889.644
CRMS0237,3,T2,2012,10,0.25,210.824,68.954,-36.354,109.796,73.442,NA,NA
CRMS0237,3,T3,2013,02,0.25,174.47,178.75,-85.653,-15.483,0,NA,NA
CRMS0237,3,T4,2013,05,0.25,88.817,163.267,80.44,-70.69,80.44,NA,NA
CRMS0237,3,T5,2013,07,0.25,169.257,92.577,-81.537,102.563,21.026,NA,NA
CRMS0237,3,T6,2013,10,0.25,87.72,195.14,-77.19,-74.82,0,NA,NA
CRMS0237,3,T7,2014,02,0.25,10.53,120.32,53.78,80.29,134.07,NA,NA
CRMS0237,3,T8,2014,04,0.25,64.31,200.61,40.47,-79.23,40.47,NA,NA
CRMS0237,3,T9,2014,07,0.25,104.78,121.38,NA,NA,NA,NA,NA
CRMS0237,4,T1,2012,06,0.25,189.8,161.87,84.374,-4.586,84.374,#VALUE!,#VALUE!
CRMS0237,4,T2,2012,10,0.25,274.174,157.284,-200.324,0.056,0,NA,NA
CRMS0237,4,T3,2013,02,0.25,73.85,157.34,-1.043,70.057,69.014,NA,NA
CRMS0237,4,T4,2013,05,0.25,72.807,227.397,23.54,-171.83,23.54,NA,NA
CRMS0237,4,T5,2013,07,0.25,96.347,55.567,161.413,171.113,332.526,NA,NA
CRMS0237,4,T6,2013,10,0.25,257.76,226.68,-246.93,-95.24,0,NA,NA
CRMS0237,4,T7,2014,02,0.25,10.83,131.44,#VALUE!,#VALUE!,#VALUE!,NA,NA
CRMS0237,4,T8,2014,04,0.25,NA,NA,#VALUE!,#VALUE!,#VALUE!,NA,NA
CRMS0237,4,T9,2014,07,0.25,74.78,100.18,NA,NA,NA,NA,NA
CRMS0237,5,T1,2012,06,0.25,125.82,138.37,141.374,-87.706,141.374,358.521,717.042
CRMS0237,5,T2,2012,10,0.25,267.194,50.664,-120.624,101.716,0,NA,NA
CRMS0237,5,T3,2013,02,0.25,146.57,152.38,-31.273,88.187,56.914,NA,NA
CRMS0237,5,T4,2013,05,0.25,115.297,240.567,50.48,-50.91,50.48,NA,NA
CRMS0237,5,T5,2013,07,0.25,165.777,189.657,33.193,-116.167,33.193,NA,NA
CRMS0237,5,T6,2013,10,0.25,198.97,73.49,-184.35,138.51,0,NA,NA
CRMS0237,5,T7,2014,02,0.25,14.62,212,69.19,-44.59,69.19,NA,NA
CRMS0237,5,T8,2014,04,0.25,83.81,167.41,7.37,-59.03,7.37,NA,NA
CRMS0237,5,T9,2014,07,0.25,91.18,108.38,NA,NA,NA,NA,NA
CRMS0253,1,T1,2012,06,0.25,236.01,537.49,-207.396,-347.776,0,595.029,1190.058
CRMS0253,1,T2,2012,10,0.25,28.614,189.714,4.563,-36.877,4.563,NA,NA
CRMS0253,1,T3,2013,02,0.25,33.177,152.837,124.78,-20.9,124.78,NA,NA
CRMS0253,1,T4,2013,05,0.25,157.957,131.937,22.16,18.11,40.27,NA,NA
CRMS0253,1,T5,2013,07,0.25,180.117,150.047,-18.147,218.303,200.156,NA,NA
CRMS0253,1,T6,2013,10,0.25,161.97,368.35,-140.89,-201.42,0,NA,NA
CRMS0253,1,T7,2014,02,0.25,21.08,166.93,163.41,-86.23,163.41,NA,NA
CRMS0253,1,T8,2014,04,0.25,184.49,80.7,33.33,28.52,61.85,NA,NA
CRMS0253,1,T9,2014,07,0.25,217.82,109.22,NA,NA,NA,NA,NA
CRMS0253,2,T1,2012,06,0.25,296.26,624.71,-277.266,-490.156,0,627.056,1254.112
CRMS0253,2,T2,2012,10,0.25,18.994,134.554,3.933,9.613,13.546,NA,NA
CRMS0253,2,T3,2013,02,0.25,22.927,144.167,105.13,182.71,287.84,NA,NA
CRMS0253,2,T4,2013,05,0.25,128.057,326.877,141.51,-228.52,141.51,NA,NA
CRMS0253,2,T5,2013,07,0.25,269.567,98.357,-194.907,108.553,0,NA,NA
CRMS0253,2,T6,2013,10,0.25,74.66,206.91,-55.07,-97.29,0,NA,NA
CRMS0253,2,T7,2014,02,0.25,19.59,109.62,146.93,37.23,184.16,NA,NA
CRMS0253,2,T8,2014,04,0.25,166.52,146.85,-39.67,-0.11,0,NA,NA
CRMS0253,2,T9,2014,07,0.25,126.85,146.74,NA,NA,NA,NA,NA
CRMS0253,3,T1,2012,06,0.25,197.88,684.61,-180.036,-403.596,0,575.713,1151.426
CRMS0253,3,T2,2012,10,0.25,17.844,281.014,18.483,-88.277,18.483,NA,NA
CRMS0253,3,T3,2013,02,0.25,36.327,192.737,91.04,-38.85,91.04,NA,NA
CRMS0253,3,T4,2013,05,0.25,127.367,153.887,129.51,-83.98,129.51,NA,NA
CRMS0253,3,T5,2013,07,0.25,256.877,69.907,-218.767,167.483,0,NA,NA
CRMS0253,3,T6,2013,10,0.25,38.11,237.39,-5.26,-56.96,0,NA,NA
CRMS0253,3,T7,2014,02,0.25,32.85,180.43,285.38,51.3,336.68,NA,NA
CRMS0253,3,T8,2014,04,0.25,318.23,231.73,-263.4,-149.63,0,NA,NA
CRMS0253,3,T9,2014,07,0.25,54.83,82.1,NA,NA,NA,NA,NA
CRMS0253,4,T1,2012,06,0.25,173.32,661.31,-144.506,-467.096,0,603.763,1207.526
CRMS0253,4,T2,2012,10,0.25,28.814,194.214,3.253,-82.567,3.253,NA,NA
CRMS0253,4,T3,2013,02,0.25,32.067,111.647,101.68,89.53,191.21,NA,NA
CRMS0253,4,T4,2013,05,0.25,133.747,201.177,69.99,-62.31,69.99,NA,NA
CRMS0253,4,T5,2013,07,0.25,203.737,138.867,-174.607,63.633,0,NA,NA
CRMS0253,4,T6,2013,10,0.25,29.13,202.5,-11.41,21.9,10.49,NA,NA
CRMS0253,4,T7,2014,02,0.25,17.72,224.4,328.82,-203.73,328.82,NA,NA
CRMS0253,4,T8,2014,04,0.25,346.54,20.67,-161.35,149.73,0,NA,NA
CRMS0253,4,T9,2014,07,0.25,185.19,170.4,NA,NA,NA,NA,NA
CRMS0253,5,T1,2012,06,0.25,153.62,557.31,-116.506,-198.056,0,459.783,919.566
CRMS0253,5,T2,2012,10,0.25,37.114,359.254,3.933,-181.407,3.933,NA,NA
CRMS0253,5,T3,2013,02,0.25,41.047,177.847,91.21,86.18,177.39,NA,NA
CRMS0253,5,T4,2013,05,0.25,132.257,264.027,50.69,-36.45,50.69,NA,NA
CRMS0253,5,T5,2013,07,0.25,182.947,227.577,-151.097,25.613,0,NA,NA
CRMS0253,5,T6,2013,10,0.25,31.85,253.19,-21.54,79.13,57.59,NA,NA
CRMS0253,5,T7,2014,02,0.25,10.31,332.32,116.29,-318.43,116.29,NA,NA
CRMS0253,5,T8,2014,04,0.25,126.6,13.89,-18.4,72.29,53.89,NA,NA
CRMS0253,5,T9,2014,07,0.25,108.2,86.18,NA,NA,NA,NA,NA
CRMS0273,1,T1,2012,06,0.25,146.75,124.75,-37.46,80.31,42.85,289.377,578.754
CRMS0273,1,T2,2012,10,0.25,109.29,205.06,-95.67,79.66,0,NA,NA
CRMS0273,1,T3,2013,02,0.25,13.62,284.72,92.267,-36.213,92.267,NA,NA
CRMS0273,1,T4,2013,05,0.25,105.887,248.507,20.6,-82.93,20.6,NA,NA
CRMS0273,1,T5,2013,07,0.25,126.487,165.577,-79.597,-11.927,0,NA,NA
CRMS0273,1,T6,2013,10,0.25,46.89,153.65,-34.32,71.77,37.45,NA,NA
CRMS0273,1,T7,2014,02,0.25,12.57,225.42,57.94,-18.01,57.94,NA,NA
CRMS0273,1,T8,2014,04,0.25,70.51,207.41,38.27,-157.03,38.27,NA,NA
CRMS0273,1,T9,2014,07,0.25,108.78,50.38,NA,NA,NA,NA,NA
CRMS0273,2,T1,2012,06,0.25,151.15,120.3,-78.14,33.16,0,336.767,673.534
CRMS0273,2,T2,2012,10,0.25,73.01,153.46,-50.6,89.2,38.6,NA,NA
CRMS0273,2,T3,2013,02,0.25,22.41,242.66,126.327,-26.633,126.327,NA,NA
CRMS0273,2,T4,2013,05,0.25,148.737,216.027,48.8,-19.89,48.8,NA,NA
CRMS0273,2,T5,2013,07,0.25,197.537,196.137,-61.987,-6.567,0,NA,NA
CRMS0273,2,T6,2013,10,0.25,135.55,189.57,-131.67,121.92,0,NA,NA
CRMS0273,2,T7,2014,02,0.25,3.88,311.49,92.73,-80.08,92.73,NA,NA
CRMS0273,2,T8,2014,04,0.25,96.61,231.41,30.31,-94.41,30.31,NA,NA
CRMS0273,2,T9,2014,07,0.25,126.92,137,NA,NA,NA,NA,NA
CRMS0273,3,T1,2012,06,0.25,215.45,255.94,-117,-86.16,0,295.583,591.166
CRMS0273,3,T2,2012,10,0.25,98.45,169.78,-77.74,-4.98,0,NA,NA
CRMS0273,3,T3,2013,02,0.25,20.71,164.8,55.247,-34.613,55.247,NA,NA
CRMS0273,3,T4,2013,05,0.25,75.957,130.187,37.5,-36.15,37.5,NA,NA
CRMS0273,3,T5,2013,07,0.25,113.457,94.037,41.893,58.023,99.916,NA,NA
CRMS0273,3,T6,2013,10,0.25,155.35,152.06,-148.6,101.23,0,NA,NA
CRMS0273,3,T7,2014,02,0.25,6.75,253.29,57.66,22.02,79.68,NA,NA
CRMS0273,3,T8,2014,04,0.25,64.41,275.31,23.24,-142.44,23.24,NA,NA
CRMS0273,3,T9,2014,07,0.25,87.65,132.87,NA,NA,NA,NA,NA
CRMS0273,4,T1,2012,06,0.25,159.68,159.66,-123.23,-108.61,0,519.066,1038.132
CRMS0273,4,T2,2012,10,0.25,36.45,51.05,32.08,182.8,214.88,NA,NA
CRMS0273,4,T3,2013,02,0.25,68.53,233.85,-9.753,-89.413,0,NA,NA
CRMS0273,4,T4,2013,05,0.25,58.777,144.437,58.63,-7.08,58.63,NA,NA
CRMS0273,4,T5,2013,07,0.25,117.407,137.357,55.073,2.073,57.146,NA,NA
CRMS0273,4,T6,2013,10,0.25,172.48,139.43,-166.32,36.82,0,NA,NA
CRMS0273,4,T7,2014,02,0.25,6.16,176.25,66.65,-11.94,66.65,NA,NA
CRMS0273,4,T8,2014,04,0.25,72.81,164.31,121.76,-9.52,121.76,NA,NA
CRMS0273,4,T9,2014,07,0.25,194.57,154.79,NA,NA,NA,NA,NA
CRMS0273,5,T1,2012,06,0.25,215.65,196.6,-111.44,11.2,0,526.917,1053.834
CRMS0273,5,T2,2012,10,0.25,104.21,207.8,-72.42,-2.89,0,NA,NA
CRMS0273,5,T3,2013,02,0.25,31.79,204.91,31.227,-83.563,31.227,NA,NA
CRMS0273,5,T4,2013,05,0.25,63.017,121.347,111.63,70.1,181.73,NA,NA
CRMS0273,5,T5,2013,07,0.25,174.647,191.447,-8.527,-62.247,0,NA,NA
CRMS0273,5,T6,2013,10,0.25,166.12,129.2,-162.57,-8,0,NA,NA
CRMS0273,5,T7,2014,02,0.25,3.55,121.2,92.36,112.91,205.27,NA,NA
CRMS0273,5,T8,2014,04,0.25,95.91,234.11,108.69,-102.39,108.69,NA,NA
CRMS0273,5,T9,2014,07,0.25,204.6,131.72,NA,NA,NA,NA,NA
CRMS0305,1,T1,2012,06,0.25,225.27,31.45,30.454,137.524,167.978,434.275,868.55
CRMS0305,1,T2,2012,10,0.25,255.724,168.974,-245.424,-96.654,0,NA,NA
CRMS0305,1,T3,2013,02,0.25,10.3,72.32,11.067,-67.763,11.067,NA,NA
CRMS0305,1,T4,2013,05,0.25,21.367,4.557,168.84,10.46,179.3,NA,NA
CRMS0305,1,T5,2013,07,0.25,190.207,15.017,-164.467,-4.517,0,NA,NA
CRMS0305,1,T6,2013,10,0.25,25.74,10.5,-25.74,-1.99,0,NA,NA
CRMS0305,1,T7,2014,02,0.25,0,8.51,16.14,-5.87,16.14,NA,NA
CRMS0305,1,T8,2014,04,0.25,16.14,2.64,41.04,18.75,59.79,NA,NA
CRMS0305,1,T9,2014,07,0.25,57.18,21.39,NA,NA,NA,NA,NA
CRMS0305,2,T1,2012,06,0.25,199.79,38.65,74.884,231.494,306.378,658.818,1317.636
CRMS0305,2,T2,2012,10,0.25,274.674,270.144,-183.134,-70.344,0,NA,NA
CRMS0305,2,T3,2013,02,0.25,91.54,199.8,-38.363,-187.243,0,NA,NA
CRMS0305,2,T4,2013,05,0.25,53.177,12.557,166.38,13.7,180.08,NA,NA
CRMS0305,2,T5,2013,07,0.25,219.557,26.257,-162.327,50.843,0,NA,NA
CRMS0305,2,T6,2013,10,0.25,57.23,77.1,-55.63,-43.82,0,NA,NA
CRMS0305,2,T7,2014,02,0.25,1.6,33.28,10.08,-30.65,10.08,NA,NA
CRMS0305,2,T8,2014,04,0.25,11.68,2.63,145.52,16.76,162.28,NA,NA
CRMS0305,2,T9,2014,07,0.25,157.2,19.39,NA,NA,NA,NA,NA
CRMS0305,3,T1,2012,06,0.25,230.57,57.47,-105.306,19.274,0,415.277,830.554
CRMS0305,3,T2,2012,10,0.25,125.264,76.744,-116.464,-9.544,0,NA,NA
CRMS0305,3,T3,2013,02,0.25,8.8,67.2,48.117,-17.713,48.117,NA,NA
CRMS0305,3,T4,2013,05,0.25,56.917,49.487,170.98,-22.76,170.98,NA,NA
CRMS0305,3,T5,2013,07,0.25,227.897,26.727,-170.927,60.943,0,NA,NA
CRMS0305,3,T6,2013,10,0.25,56.97,87.67,-52.86,-59.01,0,NA,NA
CRMS0305,3,T7,2014,02,0.25,4.11,28.66,71.57,-26.62,71.57,NA,NA
CRMS0305,3,T8,2014,04,0.25,75.68,2.04,81.16,43.45,124.61,NA,NA
CRMS0305,3,T9,2014,07,0.25,156.84,45.49,NA,NA,NA,NA,NA
CRMS0305,4,T1,2012,06,0.25,178.29,97.59,-12.116,34.894,22.778,537.891,1075.782
CRMS0305,4,T2,2012,10,0.25,166.174,132.484,-24.384,4.126,0,NA,NA
CRMS0305,4,T3,2013,02,0.25,141.79,136.61,-94.303,-136.61,0,NA,NA
CRMS0305,4,T4,2013,05,0.25,47.487,0,147.79,30.437,178.227,NA,NA
CRMS0305,4,T5,2013,07,0.25,195.277,30.437,-66.967,105.803,38.836,NA,NA
CRMS0305,4,T6,2013,10,0.25,128.31,136.24,-122.04,-77.08,0,NA,NA
CRMS0305,4,T7,2014,02,0.25,6.27,59.16,74.44,-52.05,74.44,NA,NA
CRMS0305,4,T8,2014,04,0.25,80.71,7.11,95.74,127.87,223.61,NA,NA
CRMS0305,4,T9,2014,07,0.25,176.45,134.98,NA,NA,NA,NA,NA
CRMS0305,5,T1,2012,06,0.25,187.73,0.29,-7.326,31.564,24.238,402.01,804.02
CRMS0305,5,T2,2012,10,0.25,180.404,31.854,-6.714,151.696,144.982,NA,NA
CRMS0305,5,T3,2013,02,0.25,173.69,183.55,-20.293,-108.423,0,NA,NA
CRMS0305,5,T4,2013,05,0.25,153.397,75.127,24.25,-12.37,24.25,NA,NA
CRMS0305,5,T5,2013,07,0.25,177.647,62.757,-16.057,6.073,0,NA,NA
CRMS0305,5,T6,2013,10,0.25,161.59,68.83,-157.64,51.47,0,NA,NA
CRMS0305,5,T7,2014,02,0.25,3.95,120.3,16.75,-101.68,16.75,NA,NA
CRMS0305,5,T8,2014,04,0.25,20.7,18.62,183.26,8.53,191.79,NA,NA
CRMS0305,5,T9,2014,07,0.25,203.96,27.15,NA,NA,NA,NA,NA
CRMS0309,1,T1,2012,06,0.25,206.49,75.55,74.604,-14.116,74.604,559.951,1119.902
CRMS0309,1,T2,2012,10,0.25,281.094,61.434,-278.184,-43.364,0,NA,NA
CRMS0309,1,T3,2013,02,0.25,2.91,18.07,179.757,-11.063,179.757,NA,NA
CRMS0309,1,T4,2013,05,0.25,182.667,7.007,-39.59,34.25,0,NA,NA
CRMS0309,1,T5,2013,07,0.25,143.077,41.257,-37.837,-4.917,0,NA,NA
CRMS0309,1,T6,2013,10,0.25,105.24,36.34,-48.33,262.62,214.29,NA,NA
CRMS0309,1,T7,2014,02,0.25,56.91,298.96,91.3,-104.35,91.3,NA,NA
CRMS0309,1,T8,2014,04,0.25,148.21,194.61,-51.28,48.78,0,NA,NA
CRMS0309,1,T9,2014,07,0.25,96.93,243.39,NA,NA,NA,NA,NA
CRMS0309,2,T1,2012,06,0.25,192.89,65.55,198.594,62.894,261.488,895.005,1790.01
CRMS0309,2,T2,2012,10,0.25,391.484,128.444,-388.324,-117.004,0,NA,NA
CRMS0309,2,T3,2013,02,0.25,3.16,11.44,102.447,-2.143,102.447,NA,NA
CRMS0309,2,T4,2013,05,0.25,105.607,9.297,86.63,41.33,127.96,NA,NA
CRMS0309,2,T5,2013,07,0.25,192.237,50.627,-22.537,-12.837,0,NA,NA
CRMS0309,2,T6,2013,10,0.25,169.7,37.79,-133.16,279.26,146.1,NA,NA
CRMS0309,2,T7,2014,02,0.25,36.54,317.05,73.17,-192.84,73.17,NA,NA
CRMS0309,2,T8,2014,04,0.25,109.71,124.21,105.69,78.15,183.84,NA,NA
CRMS0309,2,T9,2014,07,0.25,215.4,202.36,NA,NA,NA,NA,NA
CRMS0309,3,T1,2012,06,0.25,194.4,26.64,155.324,45.584,200.908,877.435,1754.87
CRMS0309,3,T2,2012,10,0.25,349.724,72.224,-337.644,-12.574,0,NA,NA
CRMS0309,3,T3,2013,02,0.25,12.08,59.65,140.687,-44.223,140.687,NA,NA
CRMS0309,3,T4,2013,05,0.25,152.767,15.427,-10.69,35.83,25.14,NA,NA
CRMS0309,3,T5,2013,07,0.25,142.077,51.257,-71.997,-21.767,0,NA,NA
CRMS0309,3,T6,2013,10,0.25,70.08,29.49,-21.1,317.99,296.89,NA,NA
CRMS0309,3,T7,2014,02,0.25,48.98,347.48,83.63,-128.27,83.63,NA,NA
CRMS0309,3,T8,2014,04,0.25,132.61,219.21,130.18,-50.85,130.18,NA,NA
CRMS0309,3,T9,2014,07,0.25,262.79,168.36,NA,NA,NA,NA,NA
CRMS0309,4,T1,2012,06,0.25,156.04,53.4,193.914,22.084,215.998,818.905,1637.81
CRMS0309,4,T2,2012,10,0.25,349.954,75.484,-345.784,-49.434,0,NA,NA
CRMS0309,4,T3,2013,02,0.25,4.17,26.05,125.917,-12.873,125.917,NA,NA
CRMS0309,4,T4,2013,05,0.25,130.087,13.177,77.21,38.4,115.61,NA,NA
CRMS0309,4,T5,2013,07,0.25,207.297,51.577,-50.987,-18.077,0,NA,NA
CRMS0309,4,T6,2013,10,0.25,156.31,33.5,-117.88,171.8,53.92,NA,NA
CRMS0309,4,T7,2014,02,0.25,38.43,205.3,101.38,63.51,164.89,NA,NA
CRMS0309,4,T8,2014,04,0.25,139.81,268.81,130.99,11.58,142.57,NA,NA
CRMS0309,4,T9,2014,07,0.25,270.8,280.39,NA,NA,NA,NA,NA
CRMS0309,5,T1,2012,06,0.25,159.36,83.46,69.334,63.644,132.978,711.375,1422.75
CRMS0309,5,T2,2012,10,0.25,228.694,147.104,-218.224,-72.804,0,NA,NA
CRMS0309,5,T3,2013,02,0.25,10.47,74.3,100.617,-83.413,100.617,NA,NA
CRMS0309,5,T4,2013,05,0.25,111.087,-9.113,136.51,36.55,173.06,NA,NA
CRMS0309,5,T5,2013,07,0.25,247.597,27.437,-226.657,-17.607,0,NA,NA
CRMS0309,5,T6,2013,10,0.25,20.94,9.83,-11.52,11.45,0,NA,NA
CRMS0309,5,T7,2014,02,0.25,9.42,21.28,134.29,170.43,304.72,NA,NA
CRMS0309,5,T8,2014,04,0.25,143.71,191.71,-59.02,-108.91,0,NA,NA
CRMS0309,5,T9,2014,07,0.25,84.69,82.8,NA,NA,NA,NA,NA
CRMS0327,1,T1,2012,06,0.25,185.96,68.88,-103.046,29.884,0,381.51,763.02
CRMS0327,1,T2,2012,10,0.25,82.914,98.764,-64.217,23.163,0,NA,NA
CRMS0327,1,T3,2013,02,0.25,18.697,121.927,65.75,-108.68,65.75,NA,NA
CRMS0327,1,T4,2013,05,0.25,84.447,13.247,139.72,52.14,191.86,NA,NA
CRMS0327,1,T5,2013,07,0.25,224.167,65.387,-178.197,18.863,0,NA,NA
CRMS0327,1,T6,2013,10,0.25,45.97,84.25,-41.41,28.42,0,NA,NA
CRMS0327,1,T7,2014,02,0.25,4.56,112.67,123.9,-45.3,123.9,NA,NA
CRMS0327,1,T8,2014,04,0.25,128.46,67.37,-34.77,-37.53,0,NA,NA
CRMS0327,1,T9,2014,07,0.25,93.69,29.84,NA,NA,NA,NA,NA
CRMS0327,2,T1,2012,06,0.25,113.06,31.53,-6.916,117.604,110.688,481.968,963.936
CRMS0327,2,T2,2012,10,0.25,106.144,149.134,-85.367,61.263,0,NA,NA
CRMS0327,2,T3,2013,02,0.25,20.777,210.397,83.82,-166.57,83.82,NA,NA
CRMS0327,2,T4,2013,05,0.25,104.597,43.827,116.74,-1,116.74,NA,NA
CRMS0327,2,T5,2013,07,0.25,221.337,42.827,-210.757,37.763,0,NA,NA
CRMS0327,2,T6,2013,10,0.25,10.58,80.59,-7.32,59.28,51.96,NA,NA
CRMS0327,2,T7,2014,02,0.25,3.26,139.87,109.95,-14,109.95,NA,NA
CRMS0327,2,T8,2014,04,0.25,113.21,125.87,8.81,-101.72,8.81,NA,NA
CRMS0327,2,T9,2014,07,0.25,122.02,24.15,NA,NA,NA,NA,NA
CRMS0327,3,T1,2012,06,0.25,156.32,76.49,-47.876,91.914,44.038,476.548,953.096
CRMS0327,3,T2,2012,10,0.25,108.444,168.404,-91.857,-28.337,0,NA,NA
CRMS0327,3,T3,2013,02,0.25,16.587,140.067,53.99,-63.97,53.99,NA,NA
CRMS0327,3,T4,2013,05,0.25,70.577,76.097,120.45,-16.61,120.45,NA,NA
CRMS0327,3,T5,2013,07,0.25,191.027,59.487,-35.507,-1.297,0,NA,NA
CRMS0327,3,T6,2013,10,0.25,155.52,58.19,-149.07,221.84,72.77,NA,NA
CRMS0327,3,T7,2014,02,0.25,6.45,280.03,23.35,22.31,45.66,NA,NA
CRMS0327,3,T8,2014,04,0.25,29.8,302.34,139.64,-249.24,139.64,NA,NA
CRMS0327,3,T9,2014,07,0.25,169.44,53.1,NA,NA,NA,NA,NA
CRMS0327,4,T1,2012,06,0.25,165.1,63.48,-101.886,81.784,0,256.18,512.36
CRMS0327,4,T2,2012,10,0.25,63.214,145.264,-42.927,18.903,0,NA,NA
CRMS0327,4,T3,2013,02,0.25,20.287,164.167,39.41,-62.35,39.41,NA,NA
CRMS0327,4,T4,2013,05,0.25,59.697,101.817,49.02,-62.8,49.02,NA,NA
CRMS0327,4,T5,2013,07,0.25,108.717,39.017,-88.337,-5.777,0,NA,NA
CRMS0327,4,T6,2013,10,0.25,20.38,33.24,-20.38,95.03,74.65,NA,NA
CRMS0327,4,T7,2014,02,0.25,0,128.27,93.1,-71.72,93.1,NA,NA
CRMS0327,4,T8,2014,04,0.25,93.1,56.55,-38.29,7.72,0,NA,NA
CRMS0327,4,T9,2014,07,0.25,54.81,64.27,NA,NA,NA,NA,NA
CRMS0327,5,T1,2012,06,0.25,104.28,69.3,12.244,38.084,50.328,399.254,798.508
CRMS0327,5,T2,2012,10,0.25,116.524,107.384,-85.287,103.763,18.476,NA,NA
CRMS0327,5,T3,2013,02,0.25,31.237,211.147,32.86,23.34,56.2,NA,NA
CRMS0327,5,T4,2013,05,0.25,64.097,234.487,72.89,-174.14,72.89,NA,NA
CRMS0327,5,T5,2013,07,0.25,136.987,60.347,-82.857,45.603,0,NA,NA
CRMS0327,5,T6,2013,10,0.25,54.13,105.95,-45.23,134.49,89.26,NA,NA
CRMS0327,5,T7,2014,02,0.25,8.9,240.44,51.41,-200.4,51.41,NA,NA
CRMS0327,5,T8,2014,04,0.25,60.31,40.04,38.92,21.77,60.69,NA,NA
CRMS0327,5,T9,2014,07,0.25,99.23,61.81,NA,NA,NA,NA,NA
CRMS0331,1,T1,2012,06,0.25,68.66,613.51,67.35,-185.2,67.35,560.53,1121.06
CRMS0331,1,T2,2012,10,0.25,136.01,428.31,-124.26,-152.48,0,NA,NA
CRMS0331,1,T3,2013,02,0.25,11.75,275.83,59.087,-45.573,59.087,NA,NA
CRMS0331,1,T4,2013,05,0.25,70.837,230.257,71.85,-112.23,71.85,NA,NA
CRMS0331,1,T5,2013,07,0.25,142.687,118.027,23.433,-51.557,23.433,NA,NA
CRMS0331,1,T6,2013,10,0.25,166.12,66.47,-166.12,77.66,0,NA,NA
CRMS0331,1,T7,2014,02,0.25,0,144.13,46.22,-0.1,46.22,NA,NA
CRMS0331,1,T8,2014,04,0.25,46.22,144.03,140.45,152.14,292.59,NA,NA
CRMS0331,1,T9,2014,07,0.25,186.67,296.17,NA,NA,NA,NA,NA
CRMS0331,2,T1,2012,06,0.25,97.03,780.6,-20.54,-503.89,0,767.087,1534.174
CRMS0331,2,T2,2012,10,0.25,76.49,276.71,-65.32,49.7,0,NA,NA
CRMS0331,2,T3,2013,02,0.25,11.17,326.41,35.147,-191.473,35.147,NA,NA
CRMS0331,2,T4,2013,05,0.25,46.317,134.937,227.47,245.5,472.97,NA,NA
CRMS0331,2,T5,2013,07,0.25,273.787,380.437,-92.977,-315.847,0,NA,NA
CRMS0331,2,T6,2013,10,0.25,180.81,64.59,-180.81,91.48,0,NA,NA
CRMS0331,2,T7,2014,02,0.25,0,156.07,55.07,-58.42,55.07,NA,NA
CRMS0331,2,T8,2014,04,0.25,55.07,97.65,73.95,129.95,203.9,NA,NA
CRMS0331,2,T9,2014,07,0.25,129.02,227.6,NA,NA,NA,NA,NA
CRMS0331,3,T1,2012,06,0.25,143.65,369.13,-108.96,-26.92,0,453.393,906.786
CRMS0331,3,T2,2012,10,0.25,34.69,342.21,-19.01,-96.71,0,NA,NA
CRMS0331,3,T3,2013,02,0.25,15.68,245.5,2.897,-204.293,2.897,NA,NA
CRMS0331,3,T4,2013,05,0.25,18.577,41.207,115.49,58.62,174.11,NA,NA
CRMS0331,3,T5,2013,07,0.25,134.067,99.827,-37.537,61.113,23.576,NA,NA
CRMS0331,3,T6,2013,10,0.25,96.53,160.94,-96.53,-89.1,0,NA,NA
CRMS0331,3,T7,2014,02,0.25,0,71.84,97.28,155.53,252.81,NA,NA
CRMS0331,3,T8,2014,04,0.25,97.28,227.37,-9.54,-46.55,0,NA,NA
CRMS0331,3,T9,2014,07,0.25,87.74,180.82,NA,NA,NA,NA,NA
CRMS0331,4,T1,2012,06,0.25,35.48,221.14,31.29,2.5,33.79,275.12,550.24
CRMS0331,4,T2,2012,10,0.25,66.77,223.64,18.37,46.71,65.08,NA,NA
CRMS0331,4,T3,2013,02,0.25,85.14,270.35,6.687,-93.003,6.687,NA,NA
CRMS0331,4,T4,2013,05,0.25,91.827,177.347,19.67,-82.52,19.67,NA,NA
CRMS0331,4,T5,2013,07,0.25,111.497,94.827,19.903,-4.077,19.903,NA,NA
CRMS0331,4,T6,2013,10,0.25,131.4,90.75,-125.93,2.08,0,NA,NA
CRMS0331,4,T7,2014,02,0.25,5.47,92.83,123.55,-32.53,123.55,NA,NA
CRMS0331,4,T8,2014,04,0.25,129.02,60.3,-36.29,42.73,6.44,NA,NA
CRMS0331,4,T9,2014,07,0.25,92.73,103.03,NA,NA,NA,NA,NA
CRMS0331,5,T1,2012,06,0.25,47.52,108.46,-5.95,31.94,25.99,369.917,739.834
CRMS0331,5,T2,2012,10,0.25,41.57,140.4,-29.95,69.88,39.93,NA,NA
CRMS0331,5,T3,2013,02,0.25,11.62,210.28,75.687,-97.933,75.687,NA,NA
CRMS0331,5,T4,2013,05,0.25,87.307,112.347,23.35,87.7,111.05,NA,NA
CRMS0331,5,T5,2013,07,0.25,110.657,200.047,-81.027,-140.627,0,NA,NA
CRMS0331,5,T6,2013,10,0.25,29.63,59.42,-29.63,17.1,0,NA,NA
CRMS0331,5,T7,2014,02,0.25,0,76.52,79.7,15.05,94.75,NA,NA
CRMS0331,5,T8,2014,04,0.25,79.7,91.57,22.51,-49.4,22.51,NA,NA
CRMS0331,5,T9,2014,07,0.25,102.21,42.17,NA,NA,NA,NA,NA
CRMS0337,1,T1,2012,06,0.25,109.44,118.3,-40.906,-66.786,0,348.604,697.208
CRMS0337,1,T2,2012,10,0.25,68.534,51.514,-48.207,29.933,0,NA,NA
CRMS0337,1,T3,2013,02,0.25,20.327,81.447,44.37,-42.82,44.37,NA,NA
CRMS0337,1,T4,2013,05,0.25,64.697,38.627,14.82,0.02,14.84,NA,NA
CRMS0337,1,T5,2013,07,0.25,79.517,38.647,-2.537,6.063,3.526,NA,NA
CRMS0337,1,T6,2013,10,0.25,76.98,44.71,-37.681,77.109,39.428,NA,NA
CRMS0337,1,T7,2014,02,0.25,39.299,121.819,-21.329,-98.569,0,NA,NA
CRMS0337,1,T8,2014,04,0.25,17.97,23.25,115.31,131.13,246.44,NA,NA
CRMS0337,1,T9,2014,07,0.25,133.28,154.38,NA,NA,NA,NA,NA
CRMS0337,2,T1,2012,06,0.25,139.28,151.69,-23.156,-119.746,0,312.006,624.012
CRMS0337,2,T2,2012,10,0.25,116.124,31.944,-88.117,11.783,0,NA,NA
CRMS0337,2,T3,2013,02,0.25,28.007,43.727,25.94,-12.75,25.94,NA,NA
CRMS0337,2,T4,2013,05,0.25,53.947,30.977,21.98,-10.7,21.98,NA,NA
CRMS0337,2,T5,2013,07,0.25,75.927,20.277,73.183,48.293,121.476,NA,NA
CRMS0337,2,T6,2013,10,0.25,149.11,68.57,-98.851,42.419,0,NA,NA
CRMS0337,2,T7,2014,02,0.25,50.259,110.989,-18.699,-47.499,0,NA,NA
CRMS0337,2,T8,2014,04,0.25,31.56,63.49,72.32,70.29,142.61,NA,NA
CRMS0337,2,T9,2014,07,0.25,103.88,133.78,NA,NA,NA,NA,NA
CRMS0337,3,T1,2012,06,0.25,89.91,80.79,-21.336,-43.046,0,282.764,565.528
CRMS0337,3,T2,2012,10,0.25,68.574,37.744,-2.637,62.033,59.396,NA,NA
CRMS0337,3,T3,2013,02,0.25,65.937,99.777,-13.22,-18.97,0,NA,NA
CRMS0337,3,T4,2013,05,0.25,52.717,80.807,52.87,-29.83,52.87,NA,NA
CRMS0337,3,T5,2013,07,0.25,105.587,50.977,-5.657,5.033,0,NA,NA
CRMS0337,3,T6,2013,10,0.25,99.93,56.01,-31.621,120.929,89.308,NA,NA
CRMS0337,3,T7,2014,02,0.25,68.309,176.939,-9.219,-84.259,0,NA,NA
CRMS0337,3,T8,2014,04,0.25,59.09,92.68,17.89,63.3,81.19,NA,NA
CRMS0337,3,T9,2014,07,0.25,76.98,155.98,NA,NA,NA,NA,NA
CRMS0337,4,T1,2012,06,0.25,100.6,80.65,-38.266,-50.816,0,409.37,818.74
CRMS0337,4,T2,2012,10,0.25,62.334,29.834,-29.967,7.233,0,NA,NA
CRMS0337,4,T3,2013,02,0.25,32.367,37.067,16.14,-29.78,16.14,NA,NA
CRMS0337,4,T4,2013,05,0.25,48.507,7.287,45.56,51.81,97.37,NA,NA
CRMS0337,4,T5,2013,07,0.25,94.067,59.097,-0.657,-43.357,0,NA,NA
CRMS0337,4,T6,2013,10,0.25,93.41,15.74,-93.41,-15.74,0,NA,NA
CRMS0337,4,T7,2014,02,0.25,0,0,0,0,0,NA,NA
CRMS0337,4,T8,2014,04,0.25,0,0,181.28,114.58,295.86,NA,NA
CRMS0337,4,T9,2014,07,0.25,181.28,114.58,NA,NA,NA,NA,NA
CRMS0337,5,T1,2012,06,0.25,104.54,87.08,-104.54,-87.08,0,476.71,953.42
CRMS0337,5,T2,2012,10,0.25,0,0,12.067,52.877,64.944,NA,NA
CRMS0337,5,T3,2013,02,0.25,12.067,52.877,21.08,-0.44,21.08,NA,NA
CRMS0337,5,T4,2013,05,0.25,33.147,52.437,53.44,-39.85,53.44,NA,NA
CRMS0337,5,T5,2013,07,0.25,86.587,12.587,110.673,52.523,163.196,NA,NA
CRMS0337,5,T6,2013,10,0.25,197.26,65.11,-140.981,137.307,0,NA,NA
CRMS0337,5,T7,2014,02,0.25,56.279,202.417,-20.639,-148.247,0,NA,NA
CRMS0337,5,T8,2014,04,0.25,35.64,54.17,118.74,55.31,174.05,NA,NA
CRMS0337,5,T9,2014,07,0.25,154.38,109.48,NA,NA,NA,NA,NA
CRMS0367,1,T1,2012,06,0.25,165.7,212.72,-129.05,179.35,50.3,740.75,1481.5
CRMS0367,1,T2,2012,10,0.25,36.65,392.07,-33.03,-381.75,0,NA,NA
CRMS0367,1,T3,2013,02,0.25,3.62,10.32,41.847,8.937,50.784,NA,NA
CRMS0367,1,T4,2013,05,0.25,45.467,19.257,234.46,35.58,270.04,NA,NA
CRMS0367,1,T5,2013,07,0.25,279.927,54.837,95.813,25.753,121.566,NA,NA
CRMS0367,1,T6,2013,10,0.25,375.74,80.59,-375.74,91.96,0,NA,NA
CRMS0367,1,T7,2014,02,0.25,0,172.55,72.78,-68.13,72.78,NA,NA
CRMS0367,1,T8,2014,04,0.25,72.78,104.42,160.19,15.09,175.28,NA,NA
CRMS0367,1,T9,2014,07,0.25,232.97,119.51,NA,NA,NA,NA,NA
CRMS0367,2,T1,2012,06,0.25,213.51,148.46,-23.5,296.58,273.08,1006.25,2012.5
CRMS0367,2,T2,2012,10,0.25,190.01,445.04,-186.23,-442.19,0,NA,NA
CRMS0367,2,T3,2013,02,0.25,3.78,2.85,87.317,4.867,92.184,NA,NA
CRMS0367,2,T4,2013,05,0.25,91.097,7.717,51.74,16.43,68.17,NA,NA
CRMS0367,2,T5,2013,07,0.25,142.837,24.147,238.783,85.793,324.576,NA,NA
CRMS0367,2,T6,2013,10,0.25,381.62,109.94,-370.45,24.57,0,NA,NA
CRMS0367,2,T7,2014,02,0.25,11.17,134.51,157.17,34.27,191.44,NA,NA
CRMS0367,2,T8,2014,04,0.25,168.34,168.78,45.88,10.92,56.8,NA,NA
CRMS0367,2,T9,2014,07,0.25,214.22,179.7,NA,NA,NA,NA,NA
CRMS0367,3,T1,2012,06,0.25,202.2,50.66,-31.33,323.36,292.03,627.257,1254.514
CRMS0367,3,T2,2012,10,0.25,170.87,374.02,-164.15,-361.52,0,NA,NA
CRMS0367,3,T3,2013,02,0.25,6.72,12.5,68.227,-8.763,68.227,NA,NA
CRMS0367,3,T4,2013,05,0.25,74.947,3.737,84.02,47.77,131.79,NA,NA
CRMS0367,3,T5,2013,07,0.25,158.967,51.507,-108.157,-30.587,0,NA,NA
CRMS0367,3,T6,2013,10,0.25,50.81,20.92,-46.1,45.26,0,NA,NA
CRMS0367,3,T7,2014,02,0.25,4.71,66.18,65.83,-8.36,65.83,NA,NA
CRMS0367,3,T8,2014,04,0.25,70.54,57.82,69.38,-16.33,69.38,NA,NA
CRMS0367,3,T9,2014,07,0.25,139.92,41.49,NA,NA,NA,NA,NA
CRMS0367,4,T1,2012,06,0.25,90.75,164.94,97.85,22.41,120.26,462.447,924.894
CRMS0367,4,T2,2012,10,0.25,188.6,187.35,-181.57,-174.49,0,NA,NA
CRMS0367,4,T3,2013,02,0.25,7.03,12.86,32.917,-3.963,32.917,NA,NA
CRMS0367,4,T4,2013,05,0.25,39.947,8.897,115.39,58.12,173.51,NA,NA
CRMS0367,4,T5,2013,07,0.25,155.337,67.017,-108.327,-38.527,0,NA,NA
CRMS0367,4,T6,2013,10,0.25,47.01,28.49,-47.01,76.97,29.96,NA,NA
CRMS0367,4,T7,2014,02,0.25,0,105.46,105.8,-20.11,105.8,NA,NA
CRMS0367,4,T8,2014,04,0.25,105.8,85.35,-6.84,-24.98,0,NA,NA
CRMS0367,4,T9,2014,07,0.25,98.96,60.37,NA,NA,NA,NA,NA
CRMS0367,5,T1,2012,06,0.25,93.92,13.32,-55.25,199.99,144.74,519.694,1039.388
CRMS0367,5,T2,2012,10,0.25,38.67,213.31,-35.48,-210.86,0,NA,NA
CRMS0367,5,T3,2013,02,0.25,3.19,2.45,63.717,0.647,64.364,NA,NA
CRMS0367,5,T4,2013,05,0.25,66.907,3.097,67.02,98.3,165.32,NA,NA
CRMS0367,5,T5,2013,07,0.25,133.927,101.397,-64.827,-29.617,0,NA,NA
CRMS0367,5,T6,2013,10,0.25,69.1,71.78,-53.07,-10.32,0,NA,NA
CRMS0367,5,T7,2014,02,0.25,16.03,61.46,106.5,38.77,145.27,NA,NA
CRMS0367,5,T8,2014,04,0.25,122.53,100.23,-26.25,-39.23,0,NA,NA
CRMS0367,5,T9,2014,07,0.25,96.28,61,NA,NA,NA,NA,NA
CRMS0377,1,T1,2012,06,0.25,60.15,38.45,42.334,-19.796,42.334,375.746,751.492
CRMS0377,1,T2,2012,10,0.25,102.484,18.654,-31.667,107.693,76.026,NA,NA
CRMS0377,1,T3,2013,02,0.25,70.817,126.347,78.76,31.83,110.59,NA,NA
CRMS0377,1,T4,2013,05,0.25,149.577,158.177,-33.85,-110.85,0,NA,NA
CRMS0377,1,T5,2013,07,0.25,115.727,47.327,38.793,0.343,39.136,NA,NA
CRMS0377,1,T6,2013,10,0.25,154.52,47.67,-125.86,189.37,63.51,NA,NA
CRMS0377,1,T7,2014,02,0.25,28.66,237.04,44.15,-103.63,44.15,NA,NA
CRMS0377,1,T8,2014,04,0.25,72.81,133.41,-27.14,-90.89,0,NA,NA
CRMS0377,1,T9,2014,07,0.25,45.67,42.52,NA,NA,NA,NA,NA
CRMS0377,2,T1,2012,06,0.25,98.5,60.36,52.544,-41.796,52.544,340.097,680.194
CRMS0377,2,T2,2012,10,0.25,151.044,18.564,-58.777,57.443,0,NA,NA
CRMS0377,2,T3,2013,02,0.25,92.267,76.007,30.14,88.2,118.34,NA,NA
CRMS0377,2,T4,2013,05,0.25,122.407,164.207,-61.52,-52.52,0,NA,NA
CRMS0377,2,T5,2013,07,0.25,60.887,111.687,102.743,-42.287,102.743,NA,NA
CRMS0377,2,T6,2013,10,0.25,163.63,69.4,-141.45,12.66,0,NA,NA
CRMS0377,2,T7,2014,02,0.25,22.18,82.06,26.23,-45.95,26.23,NA,NA
CRMS0377,2,T8,2014,04,0.25,48.41,36.11,14.68,25.56,40.24,NA,NA
CRMS0377,2,T9,2014,07,0.25,63.09,61.67,NA,NA,NA,NA,NA
CRMS0377,3,T1,2012,06,0.25,69.67,13.39,60.754,1.404,62.158,#VALUE!,#VALUE!
CRMS0377,3,T2,2012,10,0.25,130.424,14.794,-88.057,107.473,19.416,NA,NA
CRMS0377,3,T3,2013,02,0.25,42.367,122.267,91.57,-33.74,91.57,NA,NA
CRMS0377,3,T4,2013,05,0.25,133.937,88.527,13.35,-39.51,13.35,NA,NA
CRMS0377,3,T5,2013,07,0.25,147.287,49.017,-63.287,11.073,0,NA,NA
CRMS0377,3,T6,2013,10,0.25,84,60.09,-61.08,107.12,46.04,NA,NA
CRMS0377,3,T7,2014,02,0.25,22.92,167.21,#VALUE!,#VALUE!,#VALUE!,NA,NA
CRMS0377,3,T8,2014,04,0.25,NA,NA,#VALUE!,#VALUE!,#VALUE!,NA,NA
CRMS0377,3,T9,2014,07,0.25,52.97,37.77,NA,NA,NA,NA,NA
CRMS0377,4,T1,2012,06,0.25,90.26,62.33,-5.666,143.784,138.118,320.054,640.108
CRMS0377,4,T2,2012,10,0.25,84.594,206.114,-12.567,-91.357,0,NA,NA
CRMS0377,4,T3,2013,02,0.25,72.027,114.757,35.07,-46.16,35.07,NA,NA
CRMS0377,4,T4,2013,05,0.25,107.097,68.597,12.64,12.88,25.52,NA,NA
CRMS0377,4,T5,2013,07,0.25,119.737,81.477,-11.887,49.063,37.176,NA,NA
CRMS0377,4,T6,2013,10,0.25,107.85,130.54,-97.24,-47.71,0,NA,NA
CRMS0377,4,T7,2014,02,0.25,10.61,82.83,21.3,17.18,38.48,NA,NA
CRMS0377,4,T8,2014,04,0.25,31.91,100.01,45.69,-72.55,45.69,NA,NA
CRMS0377,4,T9,2014,07,0.25,77.6,27.46,NA,NA,NA,NA,NA
CRMS0377,5,T1,2012,06,0.25,86.15,10.32,21.074,344.064,365.138,664.434,1328.868
CRMS0377,5,T2,2012,10,0.25,107.224,354.384,-82.157,-61.697,0,NA,NA
CRMS0377,5,T3,2013,02,0.25,25.067,292.687,-5.24,-240.07,0,NA,NA
CRMS0377,5,T4,2013,05,0.25,19.827,52.617,85.86,-20.88,85.86,NA,NA
CRMS0377,5,T5,2013,07,0.25,105.687,31.737,9.813,58.693,68.506,NA,NA
CRMS0377,5,T6,2013,10,0.25,115.5,90.43,-104.94,36.46,0,NA,NA
CRMS0377,5,T7,2014,02,0.25,10.56,126.89,29.95,-81.28,29.95,NA,NA
CRMS0377,5,T8,2014,04,0.25,40.51,45.61,102.05,12.93,114.98,NA,NA
CRMS0377,5,T9,2014,07,0.25,142.56,58.54,NA,NA,NA,NA,NA
CRMS0398,1,T1,2012,06,0.25,203.31,115.91,-92.896,-73.986,0,1207.656,2415.312
CRMS0398,1,T2,2012,10,0.25,110.414,41.924,108.406,59.496,167.902,NA,NA
CRMS0398,1,T3,2013,02,0.25,218.82,101.42,110.667,6.887,117.554,NA,NA
CRMS0398,1,T4,2013,05,0.25,329.487,108.307,339.57,163.14,502.71,NA,NA
CRMS0398,1,T5,2013,07,0.25,669.057,271.447,-641.467,-224.927,0,NA,NA
CRMS0398,1,T6,2013,10,0.25,27.59,46.52,201.86,217.63,419.49,NA,NA
CRMS0398,1,T7,2014,02,0.25,229.45,264.15,-102.51,-233.54,0,NA,NA
CRMS0398,1,T8,2014,04,0.25,126.94,30.61,-49.1,0.38,0,NA,NA
CRMS0398,1,T9,2014,07,0.25,77.84,30.99,NA,NA,NA,NA,NA
CRMS0398,2,T1,2012,06,0.25,114.79,190.01,19.564,-84.476,19.564,381.414,762.828
CRMS0398,2,T2,2012,10,0.25,134.354,105.534,-74.854,-6.344,0,NA,NA
CRMS0398,2,T3,2013,02,0.25,59.5,99.19,75.987,56.177,132.164,NA,NA
CRMS0398,2,T4,2013,05,0.25,135.487,155.367,-26.19,-94.16,0,NA,NA
CRMS0398,2,T5,2013,07,0.25,109.297,61.207,42.653,16.743,59.396,NA,NA
CRMS0398,2,T6,2013,10,0.25,151.95,77.95,-93.13,59.25,0,NA,NA
CRMS0398,2,T7,2014,02,0.25,58.82,137.2,135.25,35.04,170.29,NA,NA
CRMS0398,2,T8,2014,04,0.25,194.07,172.24,-58.36,-32.14,0,NA,NA
CRMS0398,2,T9,2014,07,0.25,135.71,140.1,NA,NA,NA,NA,NA
CRMS0398,3,T1,2012,06,0.25,34.56,996.51,40.754,-939.916,40.754,292.701,585.402
CRMS0398,3,T2,2012,10,0.25,75.314,56.594,-61.664,23.156,0,NA,NA
CRMS0398,3,T3,2013,02,0.25,13.65,79.75,21.607,-40.923,21.607,NA,NA
CRMS0398,3,T4,2013,05,0.25,35.257,38.827,52.72,10.45,63.17,NA,NA
CRMS0398,3,T5,2013,07,0.25,87.977,49.277,-12.207,-5.497,0,NA,NA
CRMS0398,3,T6,2013,10,0.25,75.77,43.78,-17.49,73.49,56,NA,NA
CRMS0398,3,T7,2014,02,0.25,58.28,117.27,47.03,-49.16,47.03,NA,NA
CRMS0398,3,T8,2014,04,0.25,105.31,68.11,12.17,51.97,64.14,NA,NA
CRMS0398,3,T9,2014,07,0.25,117.48,120.08,NA,NA,NA,NA,NA
CRMS0398,4,T1,2012,06,0.25,117.35,329.42,111.754,-78.036,111.754,516.45,1032.9
CRMS0398,4,T2,2012,10,0.25,229.104,251.384,-153.794,-77.104,0,NA,NA
CRMS0398,4,T3,2013,02,0.25,75.31,174.28,-20.333,-152.283,0,NA,NA
CRMS0398,4,T4,2013,05,0.25,54.977,21.997,83.87,64.5,148.37,NA,NA
CRMS0398,4,T5,2013,07,0.25,138.847,86.497,16.353,9.883,26.236,NA,NA
CRMS0398,4,T6,2013,10,0.25,155.2,96.38,-85.91,66.35,0,NA,NA
CRMS0398,4,T7,2014,02,0.25,69.29,162.73,77.9,-69.19,77.9,NA,NA
CRMS0398,4,T8,2014,04,0.25,147.19,93.54,53.02,99.17,152.19,NA,NA
CRMS0398,4,T9,2014,07,0.25,200.21,192.71,NA,NA,NA,NA,NA
CRMS0398,5,T1,2012,06,0.25,37.2,303.48,144.864,-190.126,144.864,545.723,1091.446
CRMS0398,5,T2,2012,10,0.25,182.064,113.354,-56.734,68.106,11.372,NA,NA
CRMS0398,5,T3,2013,02,0.25,125.33,181.46,0.757,-76.223,0.757,NA,NA
CRMS0398,5,T4,2013,05,0.25,126.087,105.237,127.48,9.11,136.59,NA,NA
CRMS0398,5,T5,2013,07,0.25,253.567,114.347,-24.087,-44.237,0,NA,NA
CRMS0398,5,T6,2013,10,0.25,229.48,70.11,-177.98,-4.83,0,NA,NA
CRMS0398,5,T7,2014,02,0.25,51.5,65.28,151.71,100.43,252.14,NA,NA
CRMS0398,5,T8,2014,04,0.25,203.21,165.71,-50.23,-105.29,0,NA,NA
CRMS0398,5,T9,2014,07,0.25,152.98,60.42,NA,NA,NA,NA,NA
CRMS0399,1,T1,2012,06,0.25,303.29,422.68,-88.646,114.424,25.778,733.534,1467.068
CRMS0399,1,T2,2012,10,0.25,214.644,537.104,-182.167,-101.477,0,NA,NA
CRMS0399,1,T3,2013,02,0.25,32.477,435.627,142.48,42.01,184.49,NA,NA
CRMS0399,1,T4,2013,05,0.25,174.957,477.637,-47.38,-45.98,0,NA,NA
CRMS0399,1,T5,2013,07,0.25,127.577,431.657,11.603,36.453,48.056,NA,NA
CRMS0399,1,T6,2013,10,0.25,139.18,468.11,-115.8,-376.39,0,NA,NA
CRMS0399,1,T7,2014,02,0.25,23.38,91.72,150.15,97.05,247.2,NA,NA
CRMS0399,1,T8,2014,04,0.25,173.53,188.77,192.12,35.89,228.01,NA,NA
CRMS0399,1,T9,2014,07,0.25,365.65,224.66,NA,NA,NA,NA,NA
CRMS0399,2,T1,2012,06,0.25,171.59,633.31,-69.026,-120.406,0,832.016,1664.032
CRMS0399,2,T2,2012,10,0.25,102.564,512.904,-73.437,-186.127,0,NA,NA
CRMS0399,2,T3,2013,02,0.25,29.127,326.777,37.35,270.48,307.83,NA,NA
CRMS0399,2,T4,2013,05,0.25,66.477,597.257,13.19,-568.18,13.19,NA,NA
CRMS0399,2,T5,2013,07,0.25,79.667,29.077,-57.557,258.143,200.586,NA,NA
CRMS0399,2,T6,2013,10,0.25,22.11,287.22,4.83,95.99,100.82,NA,NA
CRMS0399,2,T7,2014,02,0.25,26.94,383.21,95.62,-267.57,95.62,NA,NA
CRMS0399,2,T8,2014,04,0.25,122.56,115.64,99.5,14.47,113.97,NA,NA
CRMS0399,2,T9,2014,07,0.25,222.06,130.11,NA,NA,NA,NA,NA
CRMS0399,3,T1,2012,06,0.25,173.57,490,-97.036,35.104,0,183.41,366.82
CRMS0399,3,T2,2012,10,0.25,76.534,525.104,-22.247,12.873,0,NA,NA
CRMS0399,3,T3,2013,02,0.25,54.287,537.977,-2.25,-104.43,0,NA,NA
CRMS0399,3,T4,2013,05,0.25,52.037,433.547,44.87,-262.31,44.87,NA,NA
CRMS0399,3,T5,2013,07,0.25,96.907,171.237,-58.897,-154.307,0,NA,NA
CRMS0399,3,T6,2013,10,0.25,38.01,16.93,-31.04,140.55,109.51,NA,NA
CRMS0399,3,T7,2014,02,0.25,6.97,157.48,29.03,-76.2,29.03,NA,NA
CRMS0399,3,T8,2014,04,0.25,36,81.28,-24.64,-66.04,0,NA,NA
CRMS0399,3,T9,2014,07,0.25,11.36,15.24,NA,NA,NA,NA,NA
CRMS0399,4,T1,2012,06,0.25,87.35,564.91,-30.406,-105.816,0,89.04,178.08
CRMS0399,4,T2,2012,10,0.25,56.944,459.094,-44.277,-221.707,0,NA,NA
CRMS0399,4,T3,2013,02,0.25,12.667,237.387,65.02,-140.29,65.02,NA,NA
CRMS0399,4,T4,2013,05,0.25,77.687,97.097,-34.21,-28.52,0,NA,NA
CRMS0399,4,T5,2013,07,0.25,43.477,68.577,-43.477,-68.577,0,NA,NA
CRMS0399,4,T6,2013,10,0.25,0,0,0,0,0,NA,NA
CRMS0399,4,T7,2014,02,0.25,0,0,0,0,0,NA,NA
CRMS0399,4,T8,2014,04,0.25,0,0,12.88,11.14,24.02,NA,NA
CRMS0399,4,T9,2014,07,0.25,12.88,11.14,NA,NA,NA,NA,NA
CRMS0399,5,T1,2012,06,0.25,225.87,621.11,-180.236,-136.956,0,144.42,288.84
CRMS0399,5,T2,2012,10,0.25,45.634,484.154,-21.177,-371.637,0,NA,NA
CRMS0399,5,T3,2013,02,0.25,24.457,112.517,100.55,0.63,101.18,NA,NA
CRMS0399,5,T4,2013,05,0.25,125.007,113.147,-31.38,12.97,0,NA,NA
CRMS0399,5,T5,2013,07,0.25,93.627,126.117,-93.627,-126.117,0,NA,NA
CRMS0399,5,T6,2013,10,0.25,0,0,0,9.38,9.38,NA,NA
CRMS0399,5,T7,2014,02,0.25,0,9.38,0,-9.38,0,NA,NA
CRMS0399,5,T8,2014,04,0.25,0,0,26.65,7.21,33.86,NA,NA
CRMS0399,5,T9,2014,07,0.25,26.65,7.21,NA,NA,NA,NA,NA
CRMS2825,1,T1,2012,06,0.25,75.3,394.67,297.834,401.934,699.768,1236.488,2472.976
CRMS2825,1,T2,2012,10,0.25,373.134,796.604,-114.507,17.873,0,NA,NA
CRMS2825,1,T3,2013,02,0.25,258.627,814.477,-246.85,-747.35,0,NA,NA
CRMS2825,1,T4,2013,05,0.25,11.777,67.127,135.07,-39.34,135.07,NA,NA
CRMS2825,1,T5,2013,07,0.25,146.847,27.787,-43.507,3.173,0,NA,NA
CRMS2825,1,T6,2013,10,0.25,103.34,30.96,-7.39,221.29,213.9,NA,NA
CRMS2825,1,T7,2014,02,0.25,95.95,252.25,187.75,-105.11,187.75,NA,NA
CRMS2825,1,T8,2014,04,0.25,283.7,147.14,-174.02,-89.76,0,NA,NA
CRMS2825,1,T9,2014,07,0.25,109.68,57.38,NA,NA,NA,NA,NA
CRMS2825,2,T1,2012,06,0.25,44.45,551.01,1.384,-223.736,1.384,1351.686,2703.372
CRMS2825,2,T2,2012,10,0.25,45.834,327.274,403.683,232.253,635.936,NA,NA
CRMS2825,2,T3,2013,02,0.25,449.517,559.527,-285.6,-47.18,0,NA,NA
CRMS2825,2,T4,2013,05,0.25,163.917,512.347,-57.77,-241,0,NA,NA
CRMS2825,2,T5,2013,07,0.25,106.147,271.347,201.673,17.293,218.966,NA,NA
CRMS2825,2,T6,2013,10,0.25,307.82,288.64,41.28,343.52,384.8,NA,NA
CRMS2825,2,T7,2014,02,0.25,349.1,632.16,-277.52,-523.26,0,NA,NA
CRMS2825,2,T8,2014,04,0.25,71.58,108.9,110.6,-11.12,110.6,NA,NA
CRMS2825,2,T9,2014,07,0.25,182.18,97.78,NA,NA,NA,NA,NA
CRMS2825,3,T1,2012,06,0.25,82.3,690.21,211.624,132.894,344.518,1546.738,3093.476
CRMS2825,3,T2,2012,10,0.25,293.924,823.104,-98.587,-149.087,0,NA,NA
CRMS2825,3,T3,2013,02,0.25,195.337,674.017,-32.58,160.26,127.68,NA,NA
CRMS2825,3,T4,2013,05,0.25,162.757,834.277,-67.43,-572.61,0,NA,NA
CRMS2825,3,T5,2013,07,0.25,95.327,261.667,-7.197,-200.807,0,NA,NA
CRMS2825,3,T6,2013,10,0.25,88.13,60.86,259.44,777.53,1036.97,NA,NA
CRMS2825,3,T7,2014,02,0.25,347.57,838.39,37.57,-629.58,37.57,NA,NA
CRMS2825,3,T8,2014,04,0.25,385.14,208.81,-154.36,130.35,0,NA,NA
CRMS2825,3,T9,2014,07,0.25,230.78,339.16,NA,NA,NA,NA,NA
CRMS2825,4,T1,2012,06,0.25,906.51,142.71,-591.946,821.394,229.448,1727.288,3454.576
CRMS2825,4,T2,2012,10,0.25,314.564,964.104,-204.827,-852.357,0,NA,NA
CRMS2825,4,T3,2013,02,0.25,109.737,111.747,16.25,-23.26,16.25,NA,NA
CRMS2825,4,T4,2013,05,0.25,125.987,88.487,103.22,179.78,283,NA,NA
CRMS2825,4,T5,2013,07,0.25,229.207,268.267,-41.147,-155.437,0,NA,NA
CRMS2825,4,T6,2013,10,0.25,188.06,112.83,411.7,459.03,870.73,NA,NA
CRMS2825,4,T7,2014,02,0.25,599.76,571.86,-524.09,-508.53,0,NA,NA
CRMS2825,4,T8,2014,04,0.25,75.67,63.33,160.21,167.65,327.86,NA,NA
CRMS2825,4,T9,2014,07,0.25,235.88,230.98,NA,NA,NA,NA,NA
CRMS2825,5,T1,2012,06,0.25,113.84,242.4,-55.466,184.394,128.928,451.248,902.496
CRMS2825,5,T2,2012,10,0.25,58.374,426.794,-28.237,-194.667,0,NA,NA
CRMS2825,5,T3,2013,02,0.25,30.137,232.127,-25.82,-221.62,0,NA,NA
CRMS2825,5,T4,2013,05,0.25,4.317,10.507,169.19,60.16,229.35,NA,NA
CRMS2825,5,T5,2013,07,0.25,173.507,70.667,-100.217,51.243,0,NA,NA
CRMS2825,5,T6,2013,10,0.25,73.29,121.91,-53.25,-7.56,0,NA,NA
CRMS2825,5,T7,2014,02,0.25,20.04,114.35,57.91,16.51,74.42,NA,NA
CRMS2825,5,T8,2014,04,0.25,77.95,130.86,18.55,-35.03,18.55,NA,NA
CRMS2825,5,T9,2014,07,0.25,96.5,95.83,NA,NA,NA,NA,NA
CRMS3166,1,T1,2012,06,0.25,295.85,231.24,-292.24,-96.52,0,485.516,971.032
CRMS3166,1,T2,2012,10,0.25,3.61,134.72,86.07,45.66,131.73,NA,NA
CRMS3166,1,T3,2013,02,0.25,89.68,180.38,-7.593,-119.783,0,NA,NA
CRMS3166,1,T4,2013,05,0.25,82.087,60.597,82.25,-31.72,82.25,NA,NA
CRMS3166,1,T5,2013,07,0.25,164.337,28.877,-60.097,117.563,57.466,NA,NA
CRMS3166,1,T6,2013,10,0.25,104.24,146.44,-93.7,114.49,20.79,NA,NA
CRMS3166,1,T7,2014,02,0.25,10.54,260.93,193.28,-56.72,193.28,NA,NA
CRMS3166,1,T8,2014,04,0.25,203.82,204.21,-77.72,-128.34,0,NA,NA
CRMS3166,1,T9,2014,07,0.25,126.1,75.87,NA,NA,NA,NA,NA
CRMS3166,2,T1,2012,06,0.25,220.6,93.18,-113.75,83.36,0,433.89,867.78
CRMS3166,2,T2,2012,10,0.25,106.85,176.54,18.26,101.37,119.63,NA,NA
CRMS3166,2,T3,2013,02,0.25,125.11,277.91,-25.243,-138.473,0,NA,NA
CRMS3166,2,T4,2013,05,0.25,99.867,139.437,156.82,-48.63,156.82,NA,NA
CRMS3166,2,T5,2013,07,0.25,256.687,90.807,-182.527,-29.887,0,NA,NA
CRMS3166,2,T6,2013,10,0.25,74.16,60.92,-74.16,75.73,1.57,NA,NA
CRMS3166,2,T7,2014,02,0.25,0,136.65,127.71,28.16,155.87,NA,NA
CRMS3166,2,T8,2014,04,0.25,127.71,164.81,-9.44,-113.33,0,NA,NA
CRMS3166,2,T9,2014,07,0.25,118.27,51.48,NA,NA,NA,NA,NA
CRMS3166,3,T1,2012,06,0.25,228.86,64.79,-90.95,19.68,0,646.037,1292.074
CRMS3166,3,T2,2012,10,0.25,137.91,84.47,-69.64,188.85,119.21,NA,NA
CRMS3166,3,T3,2013,02,0.25,68.27,273.32,4.677,-139.123,4.677,NA,NA
CRMS3166,3,T4,2013,05,0.25,72.947,134.197,224.89,61.73,286.62,NA,NA
CRMS3166,3,T5,2013,07,0.25,297.837,195.927,-221.677,-116.627,0,NA,NA
CRMS3166,3,T6,2013,10,0.25,76.16,79.3,-72.37,159.18,86.81,NA,NA
CRMS3166,3,T7,2014,02,0.25,3.79,238.48,67.42,-124.77,67.42,NA,NA
CRMS3166,3,T8,2014,04,0.25,71.21,113.71,81.3,-87.94,81.3,NA,NA
CRMS3166,3,T9,2014,07,0.25,152.51,25.77,NA,NA,NA,NA,NA
CRMS3166,4,T1,2012,06,0.25,193.31,135.54,29.3,-16.08,29.3,502.676,1005.352
CRMS3166,4,T2,2012,10,0.25,222.61,119.46,-85.05,218.31,133.26,NA,NA
CRMS3166,4,T3,2013,02,0.25,137.56,337.77,-40.413,-11.043,0,NA,NA
CRMS3166,4,T4,2013,05,0.25,97.147,326.727,-1.73,-308.54,0,NA,NA
CRMS3166,4,T5,2013,07,0.25,95.417,18.187,58.793,50.203,108.996,NA,NA
CRMS3166,4,T6,2013,10,0.25,154.21,68.39,-151.85,117.95,0,NA,NA
CRMS3166,4,T7,2014,02,0.25,2.36,186.34,145.55,85.57,231.12,NA,NA
CRMS3166,4,T8,2014,04,0.25,147.91,271.91,-7.98,-214.84,0,NA,NA
CRMS3166,4,T9,2014,07,0.25,139.93,57.07,NA,NA,NA,NA,NA
CRMS3166,5,T1,2012,06,0.25,61.92,-4.15,90.01,103.21,193.22,596.427,1192.854
CRMS3166,5,T2,2012,10,0.25,151.93,99.06,-121.79,132.31,10.52,NA,NA
CRMS3166,5,T3,2013,02,0.25,30.14,231.37,26.487,-191.383,26.487,NA,NA
CRMS3166,5,T4,2013,05,0.25,56.627,39.987,182.62,69.57,252.19,NA,NA
CRMS3166,5,T5,2013,07,0.25,239.247,109.557,-50.937,-65.767,0,NA,NA
CRMS3166,5,T6,2013,10,0.25,188.31,43.79,-174.23,205.07,30.84,NA,NA
CRMS3166,5,T7,2014,02,0.25,14.08,248.86,56.63,-30.95,56.63,NA,NA
CRMS3166,5,T8,2014,04,0.25,70.71,217.91,26.54,-147.49,26.54,NA,NA
CRMS3166,5,T9,2014,07,0.25,97.25,70.42,NA,NA,NA,NA,NA
CRMS3565,1,T1,2012,06,0.25,86.75,517.06,123.22,-110.64,123.22,1110.13,2220.26
CRMS3565,1,T2,2012,10,0.25,209.97,406.42,-74.643,-58.463,0,NA,NA
CRMS3565,1,T3,2013,02,0.25,135.327,347.957,127.38,306.89,434.27,NA,NA
CRMS3565,1,T4,2013,05,0.25,262.707,654.847,-45.31,-499.11,0,NA,NA
CRMS3565,1,T5,2013,07,0.25,217.397,155.737,-148.887,-50.687,0,NA,NA
CRMS3565,1,T6,2013,10,0.25,68.51,105.05,-2.231,452.23,449.999,NA,NA
CRMS3565,1,T7,2014,02,0.25,66.279,557.28,102.641,-414.03,102.641,NA,NA
CRMS3565,1,T8,2014,04,0.25,168.92,143.25,-157.22,-126.74,0,NA,NA
CRMS3565,1,T9,2014,07,0.25,11.7,16.51,NA,NA,NA,NA,NA
CRMS3565,2,T1,2012,06,0.25,187.14,379.68,-71.2,322.9,251.7,1254.12,2508.24
CRMS3565,2,T2,2012,10,0.25,115.94,702.58,98.287,204.317,302.604,NA,NA
CRMS3565,2,T3,2013,02,0.25,214.227,906.897,-61.7,-290.03,0,NA,NA
CRMS3565,2,T4,2013,05,0.25,152.527,616.867,-27.69,-338.19,0,NA,NA
CRMS3565,2,T5,2013,07,0.25,124.837,278.677,-124.837,-278.677,0,NA,NA
CRMS3565,2,T6,2013,10,0.25,0,0,131.259,385.887,517.146,NA,NA
CRMS3565,2,T7,2014,02,0.25,131.259,385.887,-32.319,-342.927,0,NA,NA
CRMS3565,2,T8,2014,04,0.25,98.94,42.96,-4.42,187.09,182.67,NA,NA
CRMS3565,2,T9,2014,07,0.25,94.52,230.05,NA,NA,NA,NA,NA
CRMS3565,3,T1,2012,06,0.25,65.68,416.78,-25.17,106.05,80.88,992.527,1985.054
CRMS3565,3,T2,2012,10,0.25,40.51,522.83,92.797,9.007,101.804,NA,NA
CRMS3565,3,T3,2013,02,0.25,133.307,531.837,-69.13,163.08,93.95,NA,NA
CRMS3565,3,T4,2013,05,0.25,64.177,694.917,224.81,-338.28,224.81,NA,NA
CRMS3565,3,T5,2013,07,0.25,288.987,356.637,-146.437,-49.057,0,NA,NA
CRMS3565,3,T6,2013,10,0.25,142.55,307.58,-142.55,-117.853,0,NA,NA
CRMS3565,3,T7,2014,02,0.25,0,189.727,44.92,194.103,239.023,NA,NA
CRMS3565,3,T8,2014,04,0.25,44.92,383.83,252.06,-70.23,252.06,NA,NA
CRMS3565,3,T9,2014,07,0.25,296.98,313.6,NA,NA,NA,NA,NA
CRMS3565,4,T1,2012,06,0.25,135.3,89.31,-61.58,454.61,393.03,583.28,1166.56
CRMS3565,4,T2,2012,10,0.25,73.72,543.92,-31.623,-192.273,0,NA,NA
CRMS3565,4,T3,2013,02,0.25,42.097,351.647,37.02,-33.34,37.02,NA,NA
CRMS3565,4,T4,2013,05,0.25,79.117,318.307,-2.12,-292.02,0,NA,NA
CRMS3565,4,T5,2013,07,0.25,76.997,26.287,3.613,-5.397,3.613,NA,NA
CRMS3565,4,T6,2013,10,0.25,80.61,20.89,-61.451,151.877,90.426,NA,NA
CRMS3565,4,T7,2014,02,0.25,19.159,172.767,45.101,-115.807,45.101,NA,NA
CRMS3565,4,T8,2014,04,0.25,64.26,56.96,14.09,-30.83,14.09,NA,NA
CRMS3565,4,T9,2014,07,0.25,78.35,26.13,NA,NA,NA,NA,NA
CRMS3565,5,T1,2012,06,0.25,146.03,158.16,1.15,42.5,43.65,503.547,1007.094
CRMS3565,5,T2,2012,10,0.25,147.18,200.66,273.917,-90.793,273.917,NA,NA
CRMS3565,5,T3,2013,02,0.25,421.097,109.867,-305.9,256.29,0,NA,NA
CRMS3565,5,T4,2013,05,0.25,115.197,366.157,62.14,-123.77,62.14,NA,NA
CRMS3565,5,T5,2013,07,0.25,177.337,242.387,-139.237,155.343,16.106,NA,NA
CRMS3565,5,T6,2013,10,0.25,38.1,397.73,-18.821,-222.063,0,NA,NA
CRMS3565,5,T7,2014,02,0.25,19.279,175.667,101.571,6.163,107.734,NA,NA
CRMS3565,5,T8,2014,04,0.25,120.85,181.83,-52.34,-102.08,0,NA,NA
CRMS3565,5,T9,2014,07,0.25,68.51,79.75,NA,NA,NA,NA,NA
CRMS3617,1,T1,2012,06,0.25,316.63,316.6,-6.406,-102.276,0,367.703,735.406
CRMS3617,1,T2,2012,10,0.25,310.224,214.324,-207.787,175.543,0,NA,NA
CRMS3617,1,T3,2013,02,0.25,102.437,389.867,-82.12,-367.12,0,NA,NA
CRMS3617,1,T4,2013,05,0.25,20.317,22.747,56.16,17.2,73.36,NA,NA
CRMS3617,1,T5,2013,07,0.25,76.477,39.947,66.333,-9.867,66.333,NA,NA
CRMS3617,1,T6,2013,10,0.25,142.81,30.08,-55.16,146.71,91.55,NA,NA
CRMS3617,1,T7,2014,02,0.25,87.65,176.79,136.46,-78.18,136.46,NA,NA
CRMS3617,1,T8,2014,04,0.25,224.11,98.61,-134.15,23.91,0,NA,NA
CRMS3617,1,T9,2014,07,0.25,89.96,122.52,NA,NA,NA,NA,NA
CRMS3617,2,T1,2012,06,0.25,212.51,77.01,-158.096,-35.396,0,659.592,1319.184
CRMS3617,2,T2,2012,10,0.25,54.414,41.614,13.103,239.253,252.356,NA,NA
CRMS3617,2,T3,2013,02,0.25,67.517,280.867,-1.94,-120.4,0,NA,NA
CRMS3617,2,T4,2013,05,0.25,65.577,160.467,14.74,-137.45,14.74,NA,NA
CRMS3617,2,T5,2013,07,0.25,80.317,23.017,168.833,34.193,203.026,NA,NA
CRMS3617,2,T6,2013,10,0.25,249.15,57.21,-207.8,120.35,0,NA,NA
CRMS3617,2,T7,2014,02,0.25,41.35,177.56,-17.54,-171.95,0,NA,NA
CRMS3617,2,T8,2014,04,0.25,23.81,5.61,113.16,76.31,189.47,NA,NA
CRMS3617,2,T9,2014,07,0.25,136.97,81.92,NA,NA,NA,NA,NA
CRMS3617,3,T1,2012,06,0.25,259.62,280.79,-254.946,-271.276,0,484.51,969.02
CRMS3617,3,T2,2012,10,0.25,4.674,9.514,-4.674,-9.514,0,NA,NA
CRMS3617,3,T3,2013,02,0.25,0,0,2.167,10.097,12.264,NA,NA
CRMS3617,3,T4,2013,05,0.25,2.167,10.097,37.85,0.41,38.26,NA,NA
CRMS3617,3,T5,2013,07,0.25,40.017,10.507,93.453,35.893,129.346,NA,NA
CRMS3617,3,T6,2013,10,0.25,133.47,46.4,-102.05,318.1,216.05,NA,NA
CRMS3617,3,T7,2014,02,0.25,31.42,364.5,88.59,-206.79,88.59,NA,NA
CRMS3617,3,T8,2014,04,0.25,120.01,157.71,-14.12,-67.36,0,NA,NA
CRMS3617,3,T9,2014,07,0.25,105.89,90.35,NA,NA,NA,NA,NA
CRMS3617,4,T1,2012,06,0.25,162.99,300.71,-5.026,81.554,76.528,516.191,1032.382
CRMS3617,4,T2,2012,10,0.25,157.964,382.264,-109.267,-193.677,0,NA,NA
CRMS3617,4,T3,2013,02,0.25,48.697,188.587,28.94,-56.57,28.94,NA,NA
CRMS3617,4,T4,2013,05,0.25,77.637,132.017,-71.28,-121.45,0,NA,NA
CRMS3617,4,T5,2013,07,0.25,6.357,10.567,69.893,-2.457,69.893,NA,NA
CRMS3617,4,T6,2013,10,0.25,76.25,8.11,17.4,228.75,246.15,NA,NA
CRMS3617,4,T7,2014,02,0.25,93.65,236.86,76.16,-134.95,76.16,NA,NA
CRMS3617,4,T8,2014,04,0.25,169.81,101.91,-58.05,76.57,18.52,NA,NA
CRMS3617,4,T9,2014,07,0.25,111.76,178.48,NA,NA,NA,NA,NA
CRMS3617,5,T1,2012,06,0.25,198.21,229.66,14.824,76.994,91.818,817.158,1634.316
CRMS3617,5,T2,2012,10,0.25,213.034,306.654,-157.867,-227.997,0,NA,NA
CRMS3617,5,T3,2013,02,0.25,55.167,78.657,-55.167,-78.657,0,NA,NA
CRMS3617,5,T4,2013,05,0.25,0,0,63.147,8.467,71.614,NA,NA
CRMS3617,5,T5,2013,07,0.25,63.147,8.467,201.953,72.783,274.736,NA,NA
CRMS3617,5,T6,2013,10,0.25,265.1,81.25,-227.44,94.53,0,NA,NA
CRMS3617,5,T7,2014,02,0.25,37.66,175.78,37.85,-150.77,37.85,NA,NA
CRMS3617,5,T8,2014,04,0.25,75.51,25.01,134.44,206.7,341.14,NA,NA
CRMS3617,5,T9,2014,07,0.25,209.95,231.71,NA,NA,NA,NA,NA
CRMS4045,1,T1,2012,06,0.25,172.13,54.92,-28.276,-3.716,0,#VALUE!,#VALUE!
CRMS4045,1,T2,2012,10,0.25,143.854,51.204,-82.337,25.653,0,NA,NA
CRMS4045,1,T3,2013,02,0.25,61.517,76.857,141.96,-62.6,141.96,NA,NA
CRMS4045,1,T4,2013,05,0.25,203.477,14.257,#VALUE!,#VALUE!,#VALUE!,NA,NA
CRMS4045,1,T5,2013,07,0.25,NA,NA,#VALUE!,#VALUE!,#VALUE!,NA,NA
CRMS4045,1,T6,2013,10,0.25,36.06,95.14,-32.511,50.537,18.026,NA,NA
CRMS4045,1,T7,2014,02,0.25,3.549,145.677,68.661,-5.667,68.661,NA,NA
CRMS4045,1,T8,2014,04,0.25,72.21,140.01,127.14,-96.21,127.14,NA,NA
CRMS4045,1,T9,2014,07,0.25,199.35,43.8,NA,NA,NA,NA,NA
CRMS4045,2,T1,2012,06,0.25,153.06,56.63,-58.736,15.594,0,365.327,730.654
CRMS4045,2,T2,2012,10,0.25,94.324,72.224,-31.807,20.303,0,NA,NA
CRMS4045,2,T3,2013,02,0.25,62.517,92.527,134.54,41.27,175.81,NA,NA
CRMS4045,2,T4,2013,05,0.25,197.057,133.797,-89.85,-92.67,0,NA,NA
CRMS4045,2,T5,2013,07,0.25,107.207,41.127,-92.947,10.023,0,NA,NA
CRMS4045,2,T6,2013,10,0.25,14.26,51.15,-7.291,81.467,74.176,NA,NA
CRMS4045,2,T7,2014,02,0.25,6.969,132.617,115.341,-54.207,115.341,NA,NA
CRMS4045,2,T8,2014,04,0.25,122.31,78.41,-5.07,-58.79,0,NA,NA
CRMS4045,2,T9,2014,07,0.25,117.24,19.62,NA,NA,NA,NA,NA
CRMS4045,3,T1,2012,06,0.25,98.09,29.61,-27.986,32.764,4.778,450.709,901.418
CRMS4045,3,T2,2012,10,0.25,70.104,62.374,-62.257,8.713,0,NA,NA
CRMS4045,3,T3,2013,02,0.25,7.847,71.087,180.27,-41.92,180.27,NA,NA
CRMS4045,3,T4,2013,05,0.25,188.117,29.167,98.49,45.23,143.72,NA,NA
CRMS4045,3,T5,2013,07,0.25,286.607,74.397,-246.957,166.263,0,NA,NA
CRMS4045,3,T6,2013,10,0.25,39.65,240.66,-37.081,-129.203,0,NA,NA
CRMS4045,3,T7,2014,02,0.25,2.569,111.457,121.941,-20.047,121.941,NA,NA
CRMS4045,3,T8,2014,04,0.25,124.51,91.41,-18.58,-1.83,0,NA,NA
CRMS4045,3,T9,2014,07,0.25,105.93,89.58,NA,NA,NA,NA,NA
CRMS4045,4,T1,2012,06,0.25,179.58,59.5,-83.886,39.704,0,248.037,496.074
CRMS4045,4,T2,2012,10,0.25,95.694,99.204,-61.397,-20.537,0,NA,NA
CRMS4045,4,T3,2013,02,0.25,34.297,78.667,99.47,-22.05,99.47,NA,NA
CRMS4045,4,T4,2013,05,0.25,133.767,56.617,37.71,7.07,44.78,NA,NA
CRMS4045,4,T5,2013,07,0.25,171.477,63.687,-75.397,109.003,33.606,NA,NA
CRMS4045,4,T6,2013,10,0.25,96.08,172.69,-92.251,-8.773,0,NA,NA
CRMS4045,4,T7,2014,02,0.25,3.829,163.917,70.181,-134.907,70.181,NA,NA
CRMS4045,4,T8,2014,04,0.25,74.01,29.01,-1.47,-6.64,0,NA,NA
CRMS4045,4,T9,2014,07,0.25,72.54,22.37,NA,NA,NA,NA,NA
CRMS4045,5,T1,2012,06,0.25,161.76,54.1,-41.236,0.984,0,339.291,678.582
CRMS4045,5,T2,2012,10,0.25,120.524,55.084,-102.487,77.743,0,NA,NA
CRMS4045,5,T3,2013,02,0.25,18.037,132.827,150.04,-82.85,150.04,NA,NA
CRMS4045,5,T4,2013,05,0.25,168.077,49.977,-22.2,44.19,21.99,NA,NA
CRMS4045,5,T5,2013,07,0.25,145.877,94.167,-109.947,60.603,0,NA,NA
CRMS4045,5,T6,2013,10,0.25,35.93,154.77,-34.601,-110.671,0,NA,NA
CRMS4045,5,T7,2014,02,0.25,1.329,44.099,123.681,-14.689,123.681,NA,NA
CRMS4045,5,T8,2014,04,0.25,125.01,29.41,5.36,38.22,43.58,NA,NA
CRMS4045,5,T9,2014,07,0.25,130.37,67.63,NA,NA,NA,NA,NA
CRMS4245,1,T1,2012,06,0.25,96.65,132.24,-45.1,33.71,0,445.39,890.78
CRMS4245,1,T2,2012,10,0.25,51.55,165.95,3.757,-92.963,3.757,NA,NA
CRMS4245,1,T3,2013,02,0.25,55.307,72.987,-53.65,-70.13,0,NA,NA
CRMS4245,1,T4,2013,05,0.25,1.657,2.857,76.82,52.48,129.3,NA,NA
CRMS4245,1,T5,2013,07,0.25,78.477,55.337,59.313,51.073,110.386,NA,NA
CRMS4245,1,T6,2013,10,0.25,137.79,106.41,50.857,72.817,123.674,NA,NA
CRMS4245,1,T7,2014,02,0.25,188.647,179.227,32.073,-59.687,32.073,NA,NA
CRMS4245,1,T8,2014,04,0.25,220.72,119.54,-55.16,101.36,46.2,NA,NA
CRMS4245,1,T9,2014,07,0.25,165.56,220.9,NA,NA,NA,NA,NA
CRMS4245,2,T1,2012,06,0.25,107.49,183.3,20.42,91.23,111.65,651.974,1303.948
CRMS4245,2,T2,2012,10,0.25,127.91,274.53,137.427,89.387,226.814,NA,NA
CRMS4245,2,T3,2013,02,0.25,265.337,363.917,-236.01,-310.38,0,NA,NA
CRMS4245,2,T4,2013,05,0.25,29.327,53.537,65.36,-31.1,65.36,NA,NA
CRMS4245,2,T5,2013,07,0.25,94.687,22.437,162.563,40.403,202.966,NA,NA
CRMS4245,2,T6,2013,10,0.25,257.25,62.84,-71.613,116.797,45.184,NA,NA
CRMS4245,2,T7,2014,02,0.25,185.637,179.637,-9.297,-17.387,0,NA,NA
CRMS4245,2,T8,2014,04,0.25,176.34,162.25,-10.88,-62.46,0,NA,NA
CRMS4245,2,T9,2014,07,0.25,165.46,99.79,NA,NA,NA,NA,NA
CRMS4245,3,T1,2012,06,0.25,191.01,80.18,-160.81,-28.89,0,553.294,1106.588
CRMS4245,3,T2,2012,10,0.25,30.2,51.29,15.417,54.297,69.714,NA,NA
CRMS4245,3,T3,2013,02,0.25,45.617,105.587,48.25,-22.06,48.25,NA,NA
CRMS4245,3,T4,2013,05,0.25,93.867,83.527,60.64,-76.65,60.64,NA,NA
CRMS4245,3,T5,2013,07,0.25,154.507,6.877,-54.277,134.293,80.016,NA,NA
CRMS4245,3,T6,2013,10,0.25,100.23,141.17,185.507,109.167,294.674,NA,NA
CRMS4245,3,T7,2014,02,0.25,285.737,250.337,-117.507,-0.687,0,NA,NA
CRMS4245,3,T8,2014,04,0.25,168.23,249.65,-3.95,-108.59,0,NA,NA
CRMS4245,3,T9,2014,07,0.25,164.28,141.06,NA,NA,NA,NA,NA
CRMS4245,4,T1,2012,06,0.25,293.6,85.85,-291.62,83.58,0,724.847,1449.694
CRMS4245,4,T2,2012,10,0.25,1.98,169.43,31.087,-35.333,31.087,NA,NA
CRMS4245,4,T3,2013,02,0.25,33.067,134.097,97.74,-78.67,97.74,NA,NA
CRMS4245,4,T4,2013,05,0.25,130.807,55.427,-117.61,-49.14,0,NA,NA
CRMS4245,4,T5,2013,07,0.25,13.197,6.287,112.463,177.303,289.766,NA,NA
CRMS4245,4,T6,2013,10,0.25,125.66,183.59,-117.741,-133.643,0,NA,NA
CRMS4245,4,T7,2014,02,0.25,7.919,49.947,223.061,83.193,306.254,NA,NA
CRMS4245,4,T8,2014,04,0.25,230.98,133.14,-18.87,-67.79,0,NA,NA
CRMS4245,4,T9,2014,07,0.25,212.11,65.35,NA,NA,NA,NA,NA
CRMS4245,5,T1,2012,06,0.25,307.19,271.49,-219.71,57.15,0,755.711,1511.422
CRMS4245,5,T2,2012,10,0.25,87.48,328.64,64.287,-54.053,64.287,NA,NA
CRMS4245,5,T3,2013,02,0.25,151.767,274.587,86.41,93.65,180.06,NA,NA
CRMS4245,5,T4,2013,05,0.25,238.177,368.237,-58.03,-298.92,0,NA,NA
CRMS4245,5,T5,2013,07,0.25,180.147,69.317,-150.777,116.213,0,NA,NA
CRMS4245,5,T6,2013,10,0.25,29.37,185.53,-16.571,-101.063,0,NA,NA
CRMS4245,5,T7,2014,02,0.25,12.799,84.467,168.971,242.653,411.624,NA,NA
CRMS4245,5,T8,2014,04,0.25,181.77,327.12,99.74,-210.16,99.74,NA,NA
CRMS4245,5,T9,2014,07,0.25,281.51,116.96,NA,NA,NA,NA,NA
CRMS4455,1,T1,2012,06,0.25,130.49,179.97,19.954,-117.736,19.954,683.298,1366.596
CRMS4455,1,T2,2012,10,0.25,150.444,62.234,-70.454,41.756,0,NA,NA
CRMS4455,1,T3,2013,02,0.25,79.99,103.99,257.777,72.547,330.324,NA,NA
CRMS4455,1,T4,2013,05,0.25,337.767,176.537,111.47,114.36,225.83,NA,NA
CRMS4455,1,T5,2013,07,0.25,449.237,290.897,-275.827,-77.957,0,NA,NA
CRMS4455,1,T6,2013,10,0.25,173.41,212.94,-35.13,73.1,37.97,NA,NA
CRMS4455,1,T7,2014,02,0.25,138.28,286.04,-59.74,-150.94,0,NA,NA
CRMS4455,1,T8,2014,04,0.25,78.54,135.1,34.04,35.18,69.22,NA,NA
CRMS4455,1,T9,2014,07,0.25,112.58,170.28,NA,NA,NA,NA,NA
CRMS4455,2,T1,2012,06,0.25,252.39,90.59,22.254,7.684,29.938,639.822,1279.644
CRMS4455,2,T2,2012,10,0.25,274.644,98.274,-219.624,-49.054,0,NA,NA
CRMS4455,2,T3,2013,02,0.25,55.02,49.22,190.147,61.307,251.454,NA,NA
CRMS4455,2,T4,2013,05,0.25,245.167,110.527,-5.39,55.09,49.7,NA,NA
CRMS4455,2,T5,2013,07,0.25,239.777,165.617,-64.817,-41.407,0,NA,NA
CRMS4455,2,T6,2013,10,0.25,174.96,124.21,-37.86,93.34,55.48,NA,NA
CRMS4455,2,T7,2014,02,0.25,137.1,217.55,253.25,-12.52,253.25,NA,NA
CRMS4455,2,T8,2014,04,0.25,390.35,205.03,-217.87,-9.65,0,NA,NA
CRMS4455,2,T9,2014,07,0.25,172.48,195.38,NA,NA,NA,NA,NA
CRMS4455,3,T1,2012,06,0.25,245.71,187.39,-59.686,-41.146,0,327.684,655.368
CRMS4455,3,T2,2012,10,0.25,186.024,146.244,-57.234,-58.604,0,NA,NA
CRMS4455,3,T3,2013,02,0.25,128.79,87.64,173.957,68.167,242.124,NA,NA
CRMS4455,3,T4,2013,05,0.25,302.747,155.807,-46.76,14.04,0,NA,NA
CRMS4455,3,T5,2013,07,0.25,255.987,169.847,-71.957,38.333,0,NA,NA
CRMS4455,3,T6,2013,10,0.25,184.03,208.18,-40.97,89.2,48.23,NA,NA
CRMS4455,3,T7,2014,02,0.25,143.06,297.38,37.33,-138.24,37.33,NA,NA
CRMS4455,3,T8,2014,04,0.25,180.39,159.14,-70.01,-59.86,0,NA,NA
CRMS4455,3,T9,2014,07,0.25,110.38,99.28,NA,NA,NA,NA,NA
CRMS4455,4,T1,2012,06,0.25,191.59,152.69,13.324,11.074,24.398,650.37,1300.74
CRMS4455,4,T2,2012,10,0.25,204.914,163.764,166.176,101.086,267.262,NA,NA
CRMS4455,4,T3,2013,02,0.25,371.09,264.85,-237.673,-194.873,0,NA,NA
CRMS4455,4,T4,2013,05,0.25,133.417,69.977,82.41,89.27,171.68,NA,NA
CRMS4455,4,T5,2013,07,0.25,215.827,159.247,-50.067,-60.857,0,NA,NA
CRMS4455,4,T6,2013,10,0.25,165.76,98.39,55.96,131.07,187.03,NA,NA
CRMS4455,4,T7,2014,02,0.25,221.72,229.46,-80.16,-25.69,0,NA,NA
CRMS4455,4,T8,2014,04,0.25,141.56,203.77,-23.58,-55.79,0,NA,NA
CRMS4455,4,T9,2014,07,0.25,117.98,147.98,NA,NA,NA,NA,NA
CRMS4455,5,T1,2012,06,0.25,199.04,193.34,45.214,4.884,50.098,311.485,622.97
CRMS4455,5,T2,2012,10,0.25,244.254,198.224,-19.284,-54.084,0,NA,NA
CRMS4455,5,T3,2013,02,0.25,224.97,144.14,59.957,-3.603,59.957,NA,NA
CRMS4455,5,T4,2013,05,0.25,284.927,140.537,-93.94,-30.75,0,NA,NA
CRMS4455,5,T5,2013,07,0.25,190.987,109.787,-106.717,-52.127,0,NA,NA
CRMS4455,5,T6,2013,10,0.25,84.27,57.66,-49.65,137.12,87.47,NA,NA
CRMS4455,5,T7,2014,02,0.25,34.62,194.78,36.67,-8.89,36.67,NA,NA
CRMS4455,5,T8,2014,04,0.25,71.29,185.89,77.29,-3.11,77.29,NA,NA
CRMS4455,5,T9,2014,07,0.25,148.58,182.78,NA,NA,NA,NA,NA
