Site ID,Wetland Type Stagg,Wetland Subclass LUCAS,Transect,Year,Aboveground NPP ,Belowground NPP,Aboveground Mortality,Belowground Mortality ,AGVF.annual.percent.loss,BGVF.annual.percent.loss,AGVF.percent.lignin,BGVF.percent.lignin,Foliage Live Stock,Fine Roots Live Stock,AGVF.DOM.Stock,BGVF.DOM.Stock
211,1,Palustrine Herbaceous,1,1,857.3805624,1399.949725,691.4244886,2529.704087,NA,NA,NA,NA,432.8168061,368.7040892,289.0728209,862.8332955
211,1,Palustrine Herbaceous,2,1,687.3161421,1824.756879,552.713694,1649.505164,NA,NA,NA,NA,399.0913159,677.1771287,176.542572,630.9139873
211,1,Palustrine Herbaceous,3,1,426.4231596,1906.003124,403.1771556,2030.405572,NA,NA,NA,NA,283.6317192,405.2930446,212.9562233,848.2288051
211,1,Palustrine Herbaceous,4,1,779.957363,1712.363113,667.0998922,1816.125638,NA,NA,NA,NA,371.7889041,353.5056,176.7409214,516.4147822
211,1,Palustrine Herbaceous,5,1,596.1586351,1792.858815,424.2469305,2177.324301,NA,NA,NA,NA,383.059589,262.877572,267.3866155,607.5468025
273,1,Palustrine Herbaceous,1,1,261.0882024,2337.744801,295.0628503,2387.891652,NA,NA,NA,NA,212.0787291,785.4461924,293.3799255,699.8566338
273,1,Palustrine Herbaceous,2,1,358.3526413,1206.341677,280.5763006,1603.008908,NA,NA,NA,NA,331.2071273,811.3647898,347.5280894,1142.335261
273,1,Palustrine Herbaceous,3,1,155.5074109,1508.349682,326.5174422,769.6696548,NA,NA,NA,NA,190.2315366,702.6193701,166.620775,606.4248917
273,1,Palustrine Herbaceous,4,1,458.5898408,2193.502171,529.4683036,2432.404026,NA,NA,NA,NA,196.8544384,1866.702464,243.3779234,541.1989586
273,1,Palustrine Herbaceous,5,1,357.0615946,8298.458767,425.8106686,1907.834152,NA,NA,NA,NA,292.8278305,737.5531318,339.2180472,393.1184618
327,1,Palustrine Herbaceous,1,1,422.5278002,3323.912535,359.8612902,1867.060569,NA,NA,NA,NA,367.6751267,1025.52151,112.0314703,994.8621783
327,1,Palustrine Herbaceous,2,1,510.5039896,2638.193455,332.9097867,3121.031586,NA,NA,NA,NA,363.033406,422.4370446,73.37806872,689.5424064
327,1,Palustrine Herbaceous,3,1,358.34412,1779.793969,301.4182539,2579.274604,NA,NA,NA,NA,313.319429,95.60417325,101.9226463,313.8961701
327,1,Palustrine Herbaceous,4,1,145.0414711,914.3538662,237.5199656,2146.647192,NA,NA,NA,NA,178.3158839,149.5204803,66.85016712,392.2272726
327,1,Palustrine Herbaceous,5,1,324.5825725,2074.944062,270.9370744,895.8259257,NA,NA,NA,NA,224.6838856,106.1650994,103.3961359,520.8732439
331,1,Palustrine Herbaceous,1,1,336.4708309,1398.466168,210.8553029,1526.603367,NA,NA,NA,NA,242.1238581,721.4143376,201.410715,247.6678338
331,1,Palustrine Herbaceous,2,1,862.2176399,1091.546159,562.2808077,1461.677981,NA,NA,NA,NA,464.5858749,1891.784866,649.2081318,228.0550955
331,1,Palustrine Herbaceous,3,1,300.3610542,2317.322223,316.6223319,2035.153828,NA,NA,NA,NA,227.4966835,103.9567771,170.352779,7.753873248
331,1,Palustrine Herbaceous,4,1,212.4961936,1058.417076,83.50385848,1429.881677,NA,NA,NA,NA,189.1979213,12.56620382,161.820379,155.077465
331,1,Palustrine Herbaceous,5,1,428.7306314,1096.496482,321.5942138,1045.279682,NA,NA,NA,NA,187.7725354,11.99501274,341.3762046,366.2564834
367,1,Palustrine Herbaceous,1,1,640.6008476,1174.253285,443.4324807,1426.277257,NA,NA,NA,NA,483.184794,206.8603841,93.9577158,308.7699236
367,1,Palustrine Herbaceous,2,1,748.1547617,4988.810808,870.1441338,4362.839763,NA,NA,NA,NA,246.5523741,878.1808758,41.3734698,387.5204178
367,1,Palustrine Herbaceous,3,1,849.3272472,1846.131352,923.9521608,1121.097787,NA,NA,NA,NA,274.3945284,550.3266822,88.2520938,500.8304815
367,1,Palustrine Herbaceous,4,1,563.8976976,1599.311415,452.413431,1807.472808,NA,NA,NA,NA,268.1287491,391.9753369,114.8269278,444.742
367,1,Palustrine Herbaceous,5,1,646.2970106,1116.265469,577.2405279,1950.955482,NA,NA,NA,NA,231.172734,507.3933949,173.7336198,329.165735
3166,1,Palustrine Herbaceous,1,1,341.8501684,874.4945287,551.9527069,1179.194229,NA,NA,NA,NA,262.5415045,0.638783439,43.35477272,457.9787809
3166,1,Palustrine Herbaceous,2,1,441.650991,836.1675223,383.9991215,874.4945287,NA,NA,NA,NA,410.0780175,33.85552229,136.3339975,463.1712841
3166,1,Palustrine Herbaceous,3,1,655.8177731,1244.988924,545.6214974,1195.163815,NA,NA,NA,NA,475.8184345,8.942968153,294.1569607,315.7041936
3166,1,Palustrine Herbaceous,4,1,259.7026048,1681.916796,416.0945037,1991.726764,NA,NA,NA,NA,152.4362909,1890.160197,27.30523432,598.1763669
3166,1,Palustrine Herbaceous,5,1,770.6997509,1384.243713,487.4056822,1359.969943,NA,NA,NA,NA,382.2162223,231.2396051,164.4844975,480.8257949
225,2,Estuarine Herbaceous,1,1,540.5860346,2670.965146,596.2179726,2025.468086,NA,NA,NA,NA,589.4179965,387.9614178,251.5889559,1428.279329
225,2,Estuarine Herbaceous,2,1,341.5376728,2037.073769,418.6241729,1471.71119,NA,NA,NA,NA,332.75595,375.8030828,77.72701714,698.6087503
225,2,Estuarine Herbaceous,3,1,363.3075911,1603.242269,354.4724473,1760.747973,NA,NA,NA,NA,338.0980498,393.4879338,128.179325,1150.981918
225,2,Estuarine Herbaceous,4,1,381.7068168,2979.344734,481.9194392,2259.23971,NA,NA,NA,NA,269.4434511,331.5909554,205.620537,1281.441596
225,2,Estuarine Herbaceous,5,1,497.6527848,2664.885978,270.1878986,1881.22602,NA,NA,NA,NA,394.8966335,727.8421471,278.355377,548.9472153
305,2,Estuarine Herbaceous,1,1,628.4898285,4160.662694,689.9857021,3800.377223,NA,NA,NA,NA,333.5979707,682.5009618,25.1865124,2981.588673
305,2,Estuarine Herbaceous,2,1,853.1831195,4650.055057,818.5144108,4336.11565,NA,NA,NA,NA,385.0739965,283.5937707,44.0382404,2825.076043
305,2,Estuarine Herbaceous,3,1,384.2672172,4617.502465,388.9553064,4735.57458,NA,NA,NA,NA,399.7012556,224.0059745,44.8265244,3067.462859
305,2,Estuarine Herbaceous,4,1,352.5362373,5515.733318,322.7432816,5613.942834,NA,NA,NA,NA,342.4900814,499.8754013,51.0489364,2857.394285
305,2,Estuarine Herbaceous,5,1,339.320842,4367.564764,357.005093,3773.893758,NA,NA,NA,NA,311.5693886,669.8109682,105.2560404,2582.227539
398,2,Estuarine Herbaceous,1,1,1371.67524,1649.980525,561.1180376,1729.197697,NA,NA,NA,NA,1164.385321,58.2812051,448.7279499,484.2890828
398,2,Estuarine Herbaceous,2,1,264.0580041,907.7910684,273.6176807,2425.742973,NA,NA,NA,NA,190.2137224,0,101.1810469,115.7100955
398,2,Estuarine Herbaceous,3,1,218.4663695,1896.119595,125.5027345,1867.261911,NA,NA,NA,NA,153.1097162,87.13888917,81.45961159,542.9907898
398,2,Estuarine Herbaceous,4,1,452.7036819,1136.766418,415.2916359,1498.336224,NA,NA,NA,NA,241.6407103,594.1287898,142.9878447,374.2233822
398,2,Estuarine Herbaceous,5,1,510.9336511,1275.396469,134.381939,1471.741888,NA,NA,NA,NA,441.2922856,95.62644331,189.0265683,537.9108344
4045,2,Estuarine Herbaceous,1,1,302.5754368,2150.155975,235.762023,3269.954344,NA,NA,NA,NA,NA,334.8662217,NA,0
4045,2,Estuarine Herbaceous,2,1,281.0428336,1700.626693,354.3416053,1701.699982,NA,NA,NA,NA,171.3768219,5.36644586,68.45622052,853.3335707
4045,2,Estuarine Herbaceous,3,1,525.5553741,2263.030219,224.1996386,2158.384525,NA,NA,NA,NA,458.1584859,155.0902854,123.8344017,762.2119873
4045,2,Estuarine Herbaceous,4,1,230.59228,920.345465,243.5454117,1800.979231,NA,NA,NA,NA,274.1162731,0,106.007521,795.451307
4045,2,Estuarine Herbaceous,5,1,275.0002768,2417.58386,300.3902053,3093.219394,NA,NA,NA,NA,233.1931371,10.73289172,156.7417248,1249.913041
4245,2,Estuarine Herbaceous,1,1,209.3766324,1366.070287,237.9734108,1331.226783,NA,NA,NA,NA,123.4903085,0.512404459,92.12083199,356.1713159
4245,2,Estuarine Herbaceous,2,1,635.4517929,1368.632309,655.5984144,927.9644745,NA,NA,NA,NA,148.9981376,0,37.35141239,570.2008682
4245,2,Estuarine Herbaceous,3,1,281.0487539,2895.768397,338.4893637,1600.92233,NA,NA,NA,NA,243.1300521,259.2766561,11.44830695,444.9418427
4245,2,Estuarine Herbaceous,4,1,202.7203636,1490.58457,643.9585988,1973.26957,NA,NA,NA,NA,20.76661444,316.153551,10.46611979,197.6914185
4245,2,Estuarine Herbaceous,5,1,384.5010183,3793.67181,584.4141045,2762.543238,NA,NA,NA,NA,283.4767971,14.34732484,115.3936735,1178.524048
BA,2,Estuarine Herbaceous,1,1,376.8354735,4078.209101,294.2030346,4556.379548,NA,NA,NA,NA,321.8141286,1287.734801,320.6611045,1818.791582
BA,2,Estuarine Herbaceous,2,1,657.8865116,2783.59415,724.6879637,3411.981212,NA,NA,NA,NA,206.4264157,430.5827408,457.0336227,1254.948516
BA,2,Estuarine Herbaceous,3,1,547.4388958,2330.65092,644.8365565,3970.42008,NA,NA,NA,NA,108.7096734,13.76030064,476.2271887,1740.430946
BA,2,Estuarine Herbaceous,4,1,598.4271778,2085.832238,433.8539134,1531.406792,NA,NA,NA,NA,398.3451426,774.5902567,241.8335753,1439.361138
BA,2,Estuarine Herbaceous,5,1,561.0444094,3571.944707,608.8143395,1453.431755,NA,NA,NA,NA,490.7654529,657.0543554,128.9932617,513.1737828
253,3,Estuarine Herbaceous,1,1,284.5851721,3257.109875,378.3652421,3633.03308,NA,NA,NA,NA,302.2093085,1372.146436,256.210054,1263.435799
253,3,Estuarine Herbaceous,2,1,743.1130536,1982.821116,787.8999037,2514.88881,NA,NA,NA,NA,452.292991,370.5757911,167.9477249,995.3840217
253,3,Estuarine Herbaceous,3,1,401.0615191,2681.728127,302.0734026,1812.77335,NA,NA,NA,NA,431.0010745,475.9198471,119.3684395,1168.926822
253,3,Estuarine Herbaceous,4,1,443.7124661,2238.427506,392.6773026,2193.509228,NA,NA,NA,NA,341.8401255,602.1188178,237.1198462,863.8452115
253,3,Estuarine Herbaceous,5,1,389.2830121,2111.159052,340.0767051,2715.416836,NA,NA,NA,NA,306.957624,748.1032204,388.59501,894.7955197
309,3,Estuarine Herbaceous,1,1,413.1127873,3603.410155,516.1031089,3666.028657,NA,NA,NA,NA,232.3742172,179.057865,64.80005951,1810.211006
309,3,Estuarine Herbaceous,2,1,798.8965074,1689.147027,799.9570578,3970.323526,NA,NA,NA,NA,312.2159564,734.3442497,79.51699379,1099.096963
309,3,Estuarine Herbaceous,3,1,595.6216482,2284.799057,680.600479,4923.05627,NA,NA,NA,NA,230.7500972,1205.794293,80.50649951,1347.225575
309,3,Estuarine Herbaceous,4,1,743.075503,2247.020953,659.8279842,3600.822614,NA,NA,NA,NA,336.6752036,103.5016561,81.00910559,1538.397391
309,3,Estuarine Herbaceous,5,1,660.4565186,1575.295205,517.1490422,2114.021325,NA,NA,NA,NA,402.1272396,648.9553834,43.09375943,1255.305203
399,3,Estuarine Herbaceous,1,1,358.2516746,1910.514569,657.6290241,2312.840796,NA,NA,NA,NA,217.3639065,57.78089427,740.1104591,1584.391684
399,3,Estuarine Herbaceous,2,1,546.9493817,3119.633282,703.5665022,3413.352828,NA,NA,NA,NA,135.7355193,233.2636102,49.85484266,2400.416946
399,3,Estuarine Herbaceous,3,1,76.44887782,4075.693079,207.0662239,3930.705835,NA,NA,NA,NA,165.1087899,35.84555478,293.5995355,996.069772
399,3,Estuarine Herbaceous,4,1,110.7801657,3652.679865,185.5303689,4440.212054,NA,NA,NA,NA,74.07550392,256.8039745,117.5807527,1265.606994
399,3,Estuarine Herbaceous,5,1,172.3890675,3153.51714,397.7028395,4459.294016,NA,NA,NA,NA,159.5203718,33.17051338,216.2376859,790.607214
2825,3,Estuarine Herbaceous,1,1,1492.76047,486.2141146,1364.828424,429.1163312,NA,NA,NA,NA,262.5747711,277.248,49.14486624,71.86856815
2825,3,Estuarine Herbaceous,2,1,1139.581695,1288.918692,1029.262276,1293.235363,NA,NA,NA,NA,189.7997523,13.53864968,479.9119019,104.2683325
2825,3,Estuarine Herbaceous,3,1,844.3296886,8588.212994,821.0363184,6846.43628,NA,NA,NA,NA,170.4526835,28.25457325,462.7915829,3847.913829
2825,3,Estuarine Herbaceous,4,1,945.3564346,1585.787924,2156.431092,1453.933248,NA,NA,NA,NA,409.8413694,770.525758,474.4645277,521.930749
2825,3,Estuarine Herbaceous,5,1,640.6311594,740.5052739,533.9415513,848.8144713,NA,NA,NA,NA,310.2450906,300.7934777,124.9836349,467.145693
3565,3,Estuarine Herbaceous,1,1,985.0034365,1244.961,754.1692619,2279.520948,NA,NA,NA,NA,384.108759,7.401042038,259.7057753,471.8021338
3565,3,Estuarine Herbaceous,2,1,979.3742396,3038.656403,1089.454544,2318.640741,NA,NA,NA,NA,220.5687528,16.91666752,464.7195358,1057.859965
3565,3,Estuarine Herbaceous,3,1,885.9783372,3214.166828,491.427471,4211.721566,NA,NA,NA,NA,510.5978369,10.04427134,594.7250081,1326.161901
3565,3,Estuarine Herbaceous,4,1,759.8355627,2845.172018,862.8484515,4196.919482,NA,NA,NA,NA,136.0424574,235.7760535,43.8359909,1155.062573
3565,3,Estuarine Herbaceous,5,1,670.8868318,3713.737166,615.5719336,4809.091387,NA,NA,NA,NA,313.3285878,74.53906624,404.2026221,1535.914898
3617,3,Estuarine Herbaceous,1,1,128.6929538,3046.444413,549.9851965,3652.637839,NA,NA,NA,NA,134.1610009,343.0796841,69.60485121,2028.5586
3617,3,Estuarine Herbaceous,2,1,468.5574315,3846.748713,700.4591169,3683.592397,NA,NA,NA,NA,140.8973823,144.4546038,40.10551131,1471.842573
3617,3,Estuarine Herbaceous,3,1,88.63253538,3223.143348,473.8746118,3257.322339,NA,NA,NA,NA,70.20046252,1130.486252,18.30771201,1353.870459
3617,3,Estuarine Herbaceous,4,1,185.0189265,12932.77132,459.7948729,13288.10385,NA,NA,NA,NA,11.15186896,510.1053197,18.41225781,1415.103604
3617,3,Estuarine Herbaceous,5,1,286.7032009,2539.563526,523.6396297,6996.374986,NA,NA,NA,NA,110.7766351,27.08523822,14.75315481,2260.570425
175,4,Estuarine Herbaceous,1,1,288.914913,2411.576163,148.6676825,2140.83571,NA,NA,NA,NA,251.0627711,1210.492066,127.26,1652.733715
175,4,Estuarine Herbaceous,2,1,227.7411444,2277.773931,216.9587774,2165.400963,NA,NA,NA,NA,165.5119106,9.930634395,112.07,1346.018825
175,4,Estuarine Herbaceous,3,1,80.2884936,1552.83762,169.6340426,1418.512724,NA,NA,NA,NA,56.25879105,38.67720764,12.58,1069.22734
175,4,Estuarine Herbaceous,4,1,484.4136717,2345.720377,457.2591272,2392.760224,NA,NA,NA,NA,171.3626786,120.2129427,77.07,999.227949
175,4,Estuarine Herbaceous,5,1,184.4055696,2092.227868,133.2495791,2194.670201,NA,NA,NA,NA,109.7800211,684.6911083,83.24,1316.629768
224,4,Estuarine Herbaceous,1,1,659.8936417,975.6267261,441.5686626,1256.403022,NA,NA,NA,NA,384.2103604,352.813851,294.34,1692.54699
224,4,Estuarine Herbaceous,2,1,415.9028329,2225.790275,339.0139322,2621.145989,NA,NA,NA,NA,263.3551317,263.759551,384.05,1179.219455
224,4,Estuarine Herbaceous,3,1,1578.87524,4565.025518,1703.01017,4807.230525,NA,NA,NA,NA,232.6620096,276.2384975,126.16,1969.571794
224,4,Estuarine Herbaceous,4,1,359.4200228,1752.724758,623.2264741,3113.497151,NA,NA,NA,NA,323.0107521,159.3901803,230.04,2159.416949
224,4,Estuarine Herbaceous,5,1,595.7180391,4116.917894,335.9089895,4137.905213,NA,NA,NA,NA,621.4245893,260.9234268,492.06,1744.740069
237,4,Estuarine Herbaceous,1,1,297.169423,1584.042349,388.4734151,1678.933926,NA,NA,NA,NA,259.4798779,584.9850064,241.75,744.6923567
237,4,Estuarine Herbaceous,2,1,807.4253186,1637.958018,552.2557653,1604.530303,NA,NA,NA,NA,479.1233695,718.1567083,337.71,1074.675796
237,4,Estuarine Herbaceous,3,1,414.8163218,2125.89482,325.2697439,2024.533363,NA,NA,NA,NA,281.680546,1245.451949,152.93,727.9702229
237,4,Estuarine Herbaceous,4,1,294.4467623,1501.551376,449.9729271,1258.39171,NA,NA,NA,NA,160.3424116,887.4519083,91.79,1215.699124
237,4,Estuarine Herbaceous,5,1,414.0041834,2537.81053,347.5070248,3018.199139,NA,NA,NA,NA,275.8890674,1717.214051,313.29,1100.316401
337,4,Estuarine Herbaceous,1,1,95.94471294,1243.037694,144.4323611,1192.399366,NA,NA,NA,NA,128.85046,1092.721815,57.08,1724.562161
337,4,Estuarine Herbaceous,2,1,77.65023888,2312.839003,180.308327,2847.47314,NA,NA,NA,NA,123.0331738,386.4503981,29.95,1815.018711
337,4,Estuarine Herbaceous,3,1,181.9173981,1489.299879,156.5141678,1830.975334,NA,NA,NA,NA,171.094653,686.016086,75.29,1603.06135
337,4,Estuarine Herbaceous,4,1,183.9331931,3093.20229,194.5193578,2610.272551,NA,NA,NA,NA,152.4274837,1.599105096,87.29,1206.444168
337,4,Estuarine Herbaceous,5,1,225.9894181,2399.190678,255.0807106,2513.79321,NA,NA,NA,NA,140.306787,223.3416783,18.59,1309.746619
377,4,Estuarine Herbaceous,1,1,386.1479858,1966.785641,292.4115953,2638.06825,NA,NA,NA,NA,195.1856211,126.1887185,73.83,1857.754334
377,4,Estuarine Herbaceous,2,1,288.2136379,1746.47255,351.6518742,2015.399327,NA,NA,NA,NA,102.6922577,332.0211363,174.22,1955.097159
377,4,Estuarine Herbaceous,3,1,314.5415264,2793.218313,183.6323837,2774.083139,NA,NA,NA,NA,248.4148433,500.100372,76.46,2441.296242
377,4,Estuarine Herbaceous,4,1,335.1417076,2100.214696,285.4256815,2422.926828,NA,NA,NA,NA,201.9489031,678.5229452,127.1,1480.228987
377,4,Estuarine Herbaceous,5,1,760.6550308,895.7330344,727.7038484,1333.773381,NA,NA,NA,NA,178.2521169,328.918135,49.51,686.0351465
4455,4,Estuarine Herbaceous,1,1,988.5068463,1794.94451,441.5892688,1922.34949,NA,NA,NA,NA,770.8170171,366.9939936,512.06,1394.205052
4455,4,Estuarine Herbaceous,2,1,568.0995729,2987.815924,589.7414124,3867.248535,NA,NA,NA,NA,411.4180086,38.33424204,291.53,1533.194582
4455,4,Estuarine Herbaceous,3,1,415.4450757,2711.583885,397.8114291,2540.207274,NA,NA,NA,NA,439.2317101,633.0787325,298.98,1723.901146
4455,4,Estuarine Herbaceous,4,1,795.0154522,2474.249828,753.4287351,2046.935777,NA,NA,NA,NA,370.3237364,1624.131637,280.32,1609.692696
4455,4,Estuarine Herbaceous,5,1,188.836331,2694.67172,202.6539583,2442.116713,NA,NA,NA,NA,327.7023701,14.65721019,193.25,1406.595592
211,1,Palustrine Herbaceous,1,2,551.349455,2645.66293,544.1440444,2802.90162,NA,NA,NA,NA,438.8687306,98.50872611,51.48941868,413.0149898
211,1,Palustrine Herbaceous,2,2,430.3493211,1477.25562,573.2954815,1635.057218,NA,NA,NA,NA,255.08155,105.2636102,40.99124076,1444.092015
211,1,Palustrine Herbaceous,3,2,500.9184874,2693.510025,314.5533826,2425.56629,NA,NA,NA,NA,469.2409262,283.1422242,55.7715702,1526.461341
211,1,Palustrine Herbaceous,4,2,403.9899158,1977.679949,399.2018488,2270.016321,NA,NA,NA,NA,375.5861285,1.125814013,149.3055008,115.6675643
211,1,Palustrine Herbaceous,5,2,460.5039558,2197.026046,428.209972,2356.891636,NA,NA,NA,NA,414.332693,309.0359465,110.7143369,2951.275429
273,1,Palustrine Herbaceous,1,2,231.0051126,2344.506174,261.6081916,2567.068043,NA,NA,NA,NA,188.0049091,19.72067197,87.07195552,1701.16285
273,1,Palustrine Herbaceous,2,2,212.6505242,1247.848996,334.6981677,1453.507432,NA,NA,NA,NA,219.3563437,12.95929873,236.777648,860.277172
273,1,Palustrine Herbaceous,3,2,350.5622701,5282.886298,395.1646115,4512.089748,NA,NA,NA,NA,151.4858456,6.761373248,229.6397525,1084.748401
273,1,Palustrine Herbaceous,4,2,424.395417,1850.925927,291.0342955,2524.246013,NA,NA,NA,NA,336.2761093,10.70550764,267.5241762,795.6388599
273,1,Palustrine Herbaceous,5,2,542.6183238,4362.024825,490.8504341,4639.992392,NA,NA,NA,NA,353.6109984,10.14205987,227.6522029,3321.821621
327,1,Palustrine Herbaceous,1,2,214.0853232,287.9241962,439.5349658,2122.746149,NA,NA,NA,NA,161.8858267,6.114220382,51.56017792,128.0742115
327,1,Palustrine Herbaceous,2,2,294.9850394,1555.791168,466.5936919,1654.730371,NA,NA,NA,NA,210.8368938,2.223352866,41.7284952,257.2919427
327,1,Palustrine Herbaceous,3,2,445.9160562,2066.606489,483.2159744,1979.339889,NA,NA,NA,NA,292.7733427,135.6245248,91.7508528,2086.351775
327,1,Palustrine Herbaceous,4,2,289.853212,961.6001146,382.9984704,966.6026586,NA,NA,NA,NA,94.70554128,0,111.0513618,709.5540019
327,1,Palustrine Herbaceous,5,2,347.9275277,422.9928828,413.1673949,924.9147924,NA,NA,NA,NA,171.4583262,5.002543949,106.8007573,777.5934268
331,1,Palustrine Herbaceous,1,2,640.2818902,669.435949,562.5398265,908.7650127,NA,NA,NA,NA,329.9481852,12.56620382,523.4946912,639.4664879
331,1,Palustrine Herbaceous,2,2,457.7419056,NA,713.6245269,NA,NA,NA,NA,NA,228.049043,2.855955414,402.2939248,115.3958783
331,1,Palustrine Herbaceous,3,2,488.5255215,NA,570.4107177,NA,NA,NA,NA,NA,155.0846615,0.571191083,319.6080294,35.5765949
331,1,Palustrine Herbaceous,4,2,264.9430724,1409.699592,298.1146457,1676.445828,NA,NA,NA,NA,163.904726,25.70359873,182.1104704,306.5060484
331,1,Palustrine Herbaceous,5,2,207.2626785,NA,222.1931564,NA,NA,NA,NA,NA,180.6610811,0,74.53749916,364.4320427
367,1,Palustrine Herbaceous,1,2,648.508817,4398.152856,730.8948735,4893.279597,NA,NA,NA,NA,408.745865,1.672725478,209.680295,54.38883057
367,1,Palustrine Herbaceous,2,2,1005.005672,1343.941992,879.7641985,1997.977654,NA,NA,NA,NA,375.84899,1.115150318,315.28365,161.4668408
367,1,Palustrine Herbaceous,3,2,237.225945,NA,270.6439065,NA,NA,NA,NA,NA,245.48964,0,72.794205,135.4055261
367,1,Palustrine Herbaceous,4,2,238.19092,3750.808096,337.1043665,3154.202676,NA,NA,NA,NA,173.62532,0.557575159,105.919165,103.112158
367,1,Palustrine Herbaceous,5,2,254.876215,NA,320.9278765,NA,NA,NA,NA,NA,168.92326,0.557575159,107.0245,208.4905172
3166,1,Palustrine Herbaceous,1,2,467.5230818,2917.323968,533.3584778,2931.377204,NA,NA,NA,NA,217.1154492,6.387834395,130.6308416,2035.980499
3166,1,Palustrine Herbaceous,2,2,271.0757837,2700.776382,509.3982986,2688.639497,NA,NA,NA,NA,203.6339744,24.2737707,88.63682256,1206.73774
3166,1,Palustrine Herbaceous,3,2,405.5289592,2064.548076,655.7489186,2337.947389,NA,NA,NA,NA,262.5874477,11.49810191,44.37006444,1000.595364
3166,1,Palustrine Herbaceous,4,2,585.6022056,1876.745745,508.9609685,1950.205841,NA,NA,NA,NA,240.927556,16.60836943,98.26152804,1165.716965
3166,1,Palustrine Herbaceous,5,2,196.2992257,1492.198115,440.7856844,1825.004287,NA,NA,NA,NA,167.442327,7.026617834,121.2471842,132.4088312
225,2,Estuarine Herbaceous,1,2,NA,1196.490697,NA,1923.227541,NA,NA,NA,NA,103.8021022,9.39507707,578.4722874,1724.778596
225,2,Estuarine Herbaceous,2,2,707.2435569,307.8269369,506.5293408,1344.048673,NA,NA,NA,NA,530.274797,12.15833503,249.0772574,1588.106553
225,2,Estuarine Herbaceous,3,2,314.3247807,2800.285618,407.1646846,3698.344456,NA,NA,NA,NA,242.011478,2.763257962,42.4800119,2180.540327
225,2,Estuarine Herbaceous,4,2,271.36689,1533.055517,374.5494565,3305.961825,NA,NA,NA,NA,163.673489,5.526515924,175.279117,1168.489494
225,2,Estuarine Herbaceous,5,2,408.5010385,1304.257758,590.0727953,2631.726883,NA,NA,NA,NA,209.5327867,1.105303185,263.174682,2156.255625
305,2,Estuarine Herbaceous,1,2,117.2161782,702.3635605,322.5752792,1495.212293,NA,NA,NA,NA,88.2710532,4.965649682,33.0205986,782.1014573
305,2,Estuarine Herbaceous,2,2,266.0790264,583.739707,362.3420216,1799.77214,NA,NA,NA,NA,242.675928,69.51909554,29.9331186,729.4688917
305,2,Estuarine Herbaceous,3,2,302.8509132,508.7032229,412.5444464,592.5675287,NA,NA,NA,NA,242.1201816,26.48346497,70.2247326,587.7303159
305,2,Estuarine Herbaceous,4,2,520.0643936,2157.850656,549.1283866,2811.661197,NA,NA,NA,NA,272.392923,38.06998089,208.3740252,1009.714219
305,2,Estuarine Herbaceous,5,2,321.9315396,1051.062516,281.311109,1777.150847,NA,NA,NA,NA,314.8612104,291.8698535,41.912541,842.5827389
398,2,Estuarine Herbaceous,1,2,749.9382136,603.3707932,1806.879311,855.7340696,NA,NA,NA,NA,139.1575259,2.263347771,55.40200062,294.637414
398,2,Estuarine Herbaceous,2,2,410.6183903,1219.944448,363.3988665,1251.631317,NA,NA,NA,NA,242.613924,7.921717197,250.4620938,651.9276115
398,2,Estuarine Herbaceous,3,2,298.8561615,1150.346504,246.1125272,1417.610154,NA,NA,NA,NA,210.0234602,5.658369427,214.671579,506.8666624
398,2,Estuarine Herbaceous,4,2,458.2437306,1397.051411,348.5427637,1423.645748,NA,NA,NA,NA,357.923025,8.48755414,344.51499,1016.555522
398,2,Estuarine Herbaceous,5,2,450.7602593,913.2608255,630.5834615,1456.46429,NA,NA,NA,NA,273.4881592,2.829184713,108.01513,206.020414
4045,2,Estuarine Herbaceous,1,2,478.2095453,2419.90932,113.022564,2475.720357,NA,NA,NA,NA,334.3745394,1.609933758,73.4667912,851.6142955
4045,2,Estuarine Herbaceous,2,2,317.8814125,1684.527355,301.0528208,1952.313004,NA,NA,NA,NA,196.6494658,3.756512102,32.90909688,1105.493927
4045,2,Estuarine Herbaceous,3,2,204.5345659,2015.637065,507.5884342,2325.280991,NA,NA,NA,NA,177.6789313,21.46578344,150.2546839,1682.024197
4045,2,Estuarine Herbaceous,4,2,174.084426,3672.258902,340.0338306,3689.431529,NA,NA,NA,NA,121.673083,1.073289172,37.52173788,2662.011038
4045,2,Estuarine Herbaceous,5,2,280.5508896,2516.863108,306.5611528,2862.462222,NA,NA,NA,NA,218.6727299,3.756512102,113.4374221,2487.218064
4245,2,Estuarine Herbaceous,1,2,562.3049686,1261.539777,405.5261345,1294.846067,NA,NA,NA,NA,298.0639593,1.537213376,397.6946642,173.1842178
4245,2,Estuarine Herbaceous,2,2,446.7538747,2562.022293,319.3385534,3131.303646,NA,NA,NA,NA,297.8839255,6.148853503,179.655729,1481.868732
4245,2,Estuarine Herbaceous,3,2,674.5686452,3724.155605,656.9739419,5242.410016,NA,NA,NA,NA,295.7595266,14.34732484,253.9556783,2859.718012
4245,2,Estuarine Herbaceous,4,2,1073.037455,1700.670398,714.9268222,1713.48051,NA,NA,NA,NA,381.8696932,0.512404459,117.6520883,1455.183113
4245,2,Estuarine Herbaceous,5,2,920.628041,1310.730605,738.1403803,2457.491783,NA,NA,NA,NA,506.8131504,4.099235669,210.5675325,1634.902585
BA,2,Estuarine Herbaceous,1,2,329.171955,3207.870086,548.2741825,3211.310161,NA,NA,NA,NA,136.8280486,7.453496178,159.8297786,2455.692683
BA,2,Estuarine Herbaceous,2,2,540.9347675,2406.90592,500.7838504,2446.466784,NA,NA,NA,NA,268.4610023,2.866729299,160.6000858,650.4521885
BA,2,Estuarine Herbaceous,3,2,588.3946456,1617.790901,392.6058539,1775.078782,NA,NA,NA,NA,316.0229909,3.440075159,66.30015812,192.0719325
BA,2,Estuarine Herbaceous,4,2,723.0676256,1631.742317,977.8189518,2375.945243,NA,NA,NA,NA,185.8231668,6.880150318,120.5799417,772.4119739
BA,2,Estuarine Herbaceous,5,2,529.7563566,1699.970475,667.1701969,2072.836399,NA,NA,NA,NA,405.3786215,6.880150318,159.9551775,1999.07996
253,3,Estuarine Herbaceous,1,2,740.3335973,3127.167715,674.72065,3708.966359,NA,NA,NA,NA,379.0629976,188.2289732,190.0709788,1173.900978
253,3,Estuarine Herbaceous,2,2,320.4859133,1410.113075,568.8503143,1973.730512,NA,NA,NA,NA,220.7517273,103.2050904,255.3654589,1023.57091
253,3,Estuarine Herbaceous,3,2,585.9100634,783.9308943,937.5239716,2552.85545,NA,NA,NA,NA,95.41834614,2.673707006,142.8751818,174.0954841
253,3,Estuarine Herbaceous,4,2,590.486942,1633.100239,622.7635071,2305.270181,NA,NA,NA,NA,322.278379,27.80655287,296.5399632,223.837051
253,3,Estuarine Herbaceous,5,2,396.3785647,1053.440561,526.4576294,1655.559378,NA,NA,NA,NA,188.2959156,59.35629554,149.9754344,1214.7996
309,3,Estuarine Herbaceous,1,2,541.6240489,3979.638675,623.414438,4103.323154,NA,NA,NA,NA,171.7975688,269.621814,431.3815153,5359.578008
309,3,Estuarine Herbaceous,2,2,714.4673267,5859.746257,673.4135034,5874.753997,NA,NA,NA,NA,381.7723752,74.00368408,358.6604357,6081.970624
309,3,Estuarine Herbaceous,3,2,905.1585516,5991.710869,691.208279,6126.78053,NA,NA,NA,NA,465.7658425,4.140066242,298.3992437,6749.662161
309,3,Estuarine Herbaceous,4,2,640.5055754,4067.615083,527.9536203,4135.408668,NA,NA,NA,NA,479.9626704,31.05049682,496.9598713,4089.61066
309,3,Estuarine Herbaceous,5,2,540.0820714,3307.912927,828.8164833,3958.420836,NA,NA,NA,NA,150.1035397,3.105049682,146.7537264,3269.094456
399,3,Estuarine Herbaceous,1,2,883.420569,1697.581273,481.4862084,1699.186298,NA,NA,NA,NA,617.3203133,10.70016561,379.2894341,1904.23546
399,3,Estuarine Herbaceous,2,2,862.7053489,2286.62539,622.30581,2308.560729,NA,NA,NA,NA,374.8999009,3.745057962,219.662371,1921.180825
399,3,Estuarine Herbaceous,3,2,233.8945883,3511.794352,378.3220485,4211.585182,NA,NA,NA,NA,19.17888352,0.53500828,25.72941768,1119.982758
399,3,Estuarine Herbaceous,4,2,40.55253364,NA,92.20889799,NA,NA,NA,NA,NA,21.74507216,0,18.80746148,1993.198629
399,3,Estuarine Herbaceous,5,2,73.00131368,3142.10363,186.0773772,3142.10363,NA,NA,NA,NA,44.9927153,0.53500828,12.17251322,2233.611004
2825,3,Estuarine Herbaceous,1,2,727.0756663,245.6578174,794.3561874,273.7161783,NA,NA,NA,NA,198.545149,2.943184713,103.8705384,4.712692994
2825,3,Estuarine Herbaceous,2,2,1293.161049,NA,1155.52444,NA,NA,NA,NA,NA,329.786244,3.531821656,177.0035072,36.5233707
2825,3,Estuarine Herbaceous,3,2,1945.155948,943.5850191,1699.955947,2401.050089,NA,NA,NA,NA,417.7630332,3.531821656,613.9548935,171.4242076
2825,3,Estuarine Herbaceous,4,2,2169.713987,804.0780637,2157.634376,815.8508025,NA,NA,NA,NA,426.9951654,1.177273885,418.1250776,332.2448561
2825,3,Estuarine Herbaceous,5,2,168.2963393,433.8254268,307.6961049,442.0663439,NA,NA,NA,NA,174.686423,0,173.4735743,582.6066713
3565,3,Estuarine Herbaceous,1,2,950.754119,389.0833529,1304.632358,503.7995045,NA,NA,NA,NA,20.1285162,3.700521019,28.40357286,257.5016465
3565,3,Estuarine Herbaceous,2,2,1203.953649,258.5078255,1256.110591,1175.708392,NA,NA,NA,NA,162.6108847,9.515625478,395.7747993,233.6273217
3565,3,Estuarine Herbaceous,3,2,844.852318,962.135465,831.1012727,1425.053023,NA,NA,NA,NA,510.9202343,0.52864586,539.5130496,248.9751019
3565,3,Estuarine Herbaceous,4,2,263.6147468,1647.260499,261.2870645,1676.336022,NA,NA,NA,NA,134.7922431,1.05729172,44.95368618,509.8873662
3565,3,Estuarine Herbaceous,5,2,213.0526022,734.8177452,400.2770495,1173.065163,NA,NA,NA,NA,117.8636449,1.58593758,137.2007835,212.5951783
3617,3,Estuarine Herbaceous,1,2,515.9609089,793.8554344,492.3262346,798.3696408,NA,NA,NA,NA,157.693043,1.934659873,214.7682485,449.9793516
3617,3,Estuarine Herbaceous,2,2,688.0156583,486.8894013,588.7072549,673.2616357,NA,NA,NA,NA,240.0980003,0,143.5995341,335.9396408
3617,3,Estuarine Herbaceous,3,2,760.7444751,611.9974064,645.2741124,611.9974064,NA,NA,NA,NA,185.6171224,0,158.3766834,352.7928
3617,3,Estuarine Herbaceous,4,2,719.9662041,1075.026003,535.2027557,1087.923735,NA,NA,NA,NA,195.9067862,0,312.8618755,379.1960828
3617,3,Estuarine Herbaceous,5,2,1145.931995,1894.032015,888.5974929,1894.676902,NA,NA,NA,NA,368.0263938,0,406.17002,364.0282395
175,4,Estuarine Herbaceous,1,2,853.7971884,2188.398222,633.7298964,2772.737656,NA,NA,NA,NA,458.7559907,44.42652229,586.5,3109.362265
175,4,Estuarine Herbaceous,2,2,402.2359758,342.3455541,218.5613347,718.6643312,NA,NA,NA,NA,341.0290047,0,114.3,438.1641274
175,4,Estuarine Herbaceous,3,2,318.6845808,837.309279,192.3406115,1162.406889,NA,NA,NA,NA,179.8299464,3.135989809,151.91,1207.088736
175,4,Estuarine Herbaceous,4,2,384.3952017,1598.309473,327.6918804,1839.258023,NA,NA,NA,NA,219.6200874,3.135989809,232.93,1095.944665
175,4,Estuarine Herbaceous,5,2,119.7970847,677.3737987,154.1939076,1001.948744,NA,NA,NA,NA,69.97249584,0.522664968,80.05,679.1543975
224,4,Estuarine Herbaceous,1,2,613.61167,2160.181269,512.0043173,2573.120953,NA,NA,NA,NA,503.4144566,1.134449682,347.07,660.7299669
224,4,Estuarine Herbaceous,2,2,455.2306789,1615.834496,322.4648973,2008.921311,NA,NA,NA,NA,408.1825159,4.537798726,428.85,928.5779656
224,4,Estuarine Herbaceous,3,2,1186.54704,1289.869288,1185.051223,1460.603965,NA,NA,NA,NA,244.8136921,1.701674522,434.14,1124.732175
224,4,Estuarine Herbaceous,4,2,699.4712404,1929.131683,614.489997,2600.725895,NA,NA,NA,NA,422.7858115,5.105023567,461.18,2443.897907
224,4,Estuarine Herbaceous,5,2,819.0088849,758.3796121,923.9414594,1300.64656,NA,NA,NA,NA,544.9531138,6.239473248,557.5,580.4329223
237,4,Estuarine Herbaceous,1,2,529.7691168,2398.708104,524.6414202,2766.952122,NA,NA,NA,NA,274.9539149,5.391566879,390.04,2040.100318
237,4,Estuarine Herbaceous,2,2,232.9701411,2664.871789,672.0466921,3099.791518,NA,NA,NA,NA,59.15108768,11.86144713,126.47,636.5558917
237,4,Estuarine Herbaceous,3,2,338.441826,2754.551518,450.0241748,3358.946166,NA,NA,NA,NA,181.3297533,2.695783439,210.06,2052.363217
237,4,Estuarine Herbaceous,4,2,1150.92303,1034.102527,1446.910366,1747.586544,NA,NA,NA,NA,129.4124733,59.30723567,173.37,505.5658439
237,4,Estuarine Herbaceous,5,2,189.9359077,1915.623712,319.0316856,2665.590665,NA,NA,NA,NA,157.7939197,1.617470064,187.56,2697.280175
337,4,Estuarine Herbaceous,1,2,416.57456,1189.201156,339.1842268,1638.549688,NA,NA,NA,NA,191.8528282,390.1816433,222.23,1555.959715
337,4,Estuarine Herbaceous,2,2,380.1444026,837.398035,339.9068418,1345.38042,NA,NA,NA,NA,149.5323514,18.12319108,192.57,1160.413024
337,4,Estuarine Herbaceous,3,2,245.4270971,1136.430688,286.6060726,1494.630229,NA,NA,NA,NA,110.8105546,1.599105096,224.53,137.558186
337,4,Estuarine Herbaceous,4,2,425.8821859,1577.783694,300.3415144,2062.845573,NA,NA,NA,NA,260.9474842,0,164.93,1233.206461
337,4,Estuarine Herbaceous,5,2,485.4561741,2006.166182,387.8700488,2122.367818,NA,NA,NA,NA,222.2256874,13.85891083,157.59,273.5106344
377,4,Estuarine Herbaceous,1,2,216.3150625,2351.040632,319.5493763,2351.040632,NA,NA,NA,NA,67.29821592,0,62.66,2203.347115
377,4,Estuarine Herbaceous,2,2,249.3482157,905.5592051,246.1019278,985.2029045,NA,NA,NA,NA,92.96790984,0,90.88,1098.583309
377,4,Estuarine Herbaceous,3,2,135.6868781,782.4734879,502.2153309,1325.498711,NA,NA,NA,NA,78.05532072,0,55.66,1169.659022
377,4,Estuarine Herbaceous,4,2,178.8125533,673.8684433,240.9046252,761.2696459,NA,NA,NA,NA,114.3494976,0,40.46,1000.725443
377,4,Estuarine Herbaceous,5,2,314.5141671,1032.782257,260.1789993,1088.63628,NA,NA,NA,NA,210.0729946,0,86.26,778.7425987
4455,4,Estuarine Herbaceous,1,2,192.9179894,2645.626439,798.8251783,3066.175624,NA,NA,NA,NA,202.6187821,2.818694268,306.47,578.5843223
4455,4,Estuarine Herbaceous,2,2,555.6448445,2512.58407,676.76437,2525.550064,NA,NA,NA,NA,310.4253645,0.563738854,351.64,1158.246083
4455,4,Estuarine Herbaceous,3,2,153.9888346,4847.026662,416.0488186,5596.799338,NA,NA,NA,NA,198.6592749,11.83851592,178.68,2358.512256
4455,4,Estuarine Herbaceous,4,2,336.6121053,2822.076701,512.7147876,3449.518045,NA,NA,NA,NA,212.3375725,18.60338217,266.33,2013.193308
4455,4,Estuarine Herbaceous,5,2,362.5288797,1834.782055,438.8519805,3122.737423,NA,NA,NA,NA,267.4107181,16.91216561,328.96,1149.626577
211,1,Palustrine Herbaceous,1,3,NA,NA,NA,NA,63.46210837,33.9716097,6.43,12.17,NA,NA,NA,NA
211,1,Palustrine Herbaceous,2,3,NA,NA,NA,NA,66.1888631,56.42051221,NA,NA,NA,NA,NA,NA
211,1,Palustrine Herbaceous,3,3,NA,NA,NA,NA,NA,37.42628096,NA,NA,NA,NA,NA,NA
211,1,Palustrine Herbaceous,4,3,NA,NA,NA,NA,NA,NA,NA,NA,NA,NA,NA,NA
211,1,Palustrine Herbaceous,5,3,NA,NA,NA,NA,NA,NA,NA,NA,NA,NA,NA,NA
273,1,Palustrine Herbaceous,1,3,NA,NA,NA,NA,66.73131782,21.78151279,NA,NA,NA,NA,NA,NA
273,1,Palustrine Herbaceous,2,3,NA,NA,NA,NA,58.94632164,40.09711829,NA,NA,NA,NA,NA,NA
273,1,Palustrine Herbaceous,3,3,NA,NA,NA,NA,64.2331291,33.81853081,NA,NA,NA,NA,NA,NA
273,1,Palustrine Herbaceous,4,3,NA,NA,NA,NA,NA,NA,NA,NA,NA,NA,NA,NA
273,1,Palustrine Herbaceous,5,3,NA,NA,NA,NA,NA,NA,NA,NA,NA,NA,NA,NA
327,1,Palustrine Herbaceous,1,3,NA,NA,NA,NA,58.99461019,53.74016451,9.36,8.055,NA,NA,NA,NA
327,1,Palustrine Herbaceous,2,3,NA,NA,NA,NA,62.89287265,70.24625088,NA,NA,NA,NA,NA,NA
327,1,Palustrine Herbaceous,3,3,NA,NA,NA,NA,58.4280041,61.9031613,NA,NA,NA,NA,NA,NA
327,1,Palustrine Herbaceous,4,3,NA,NA,NA,NA,NA,NA,NA,NA,NA,NA,NA,NA
327,1,Palustrine Herbaceous,5,3,NA,NA,NA,NA,NA,NA,NA,NA,NA,NA,NA,NA
331,1,Palustrine Herbaceous,1,3,NA,NA,NA,NA,68.86574516,44.98885137,7.25,8.98,NA,NA,NA,NA
331,1,Palustrine Herbaceous,2,3,NA,NA,NA,NA,70.316118,58.54173056,NA,NA,NA,NA,NA,NA
331,1,Palustrine Herbaceous,3,3,NA,NA,NA,NA,67.00349901,46.92798625,NA,NA,NA,NA,NA,NA
331,1,Palustrine Herbaceous,4,3,NA,NA,NA,NA,NA,NA,NA,NA,NA,NA,NA,NA
331,1,Palustrine Herbaceous,5,3,NA,NA,NA,NA,NA,NA,NA,NA,NA,NA,NA,NA
367,1,Palustrine Herbaceous,1,3,NA,NA,NA,NA,72.45748744,46.45938598,NA,NA,NA,NA,NA,NA
367,1,Palustrine Herbaceous,2,3,NA,NA,NA,NA,58.16920685,32.91564781,NA,NA,NA,NA,NA,NA
367,1,Palustrine Herbaceous,3,3,NA,NA,NA,NA,69.98296482,48.20338279,NA,NA,NA,NA,NA,NA
367,1,Palustrine Herbaceous,4,3,NA,NA,NA,NA,NA,NA,NA,NA,NA,NA,NA,NA
367,1,Palustrine Herbaceous,5,3,NA,NA,NA,NA,NA,NA,NA,NA,NA,NA,NA,NA
3166,1,Palustrine Herbaceous,1,3,NA,NA,NA,NA,61.08864547,44.32900426,NA,NA,NA,NA,NA,NA
3166,1,Palustrine Herbaceous,2,3,NA,NA,NA,NA,56.51218605,37.31717509,NA,NA,NA,NA,NA,NA
3166,1,Palustrine Herbaceous,3,3,NA,NA,NA,NA,60.8266364,39.00487961,NA,NA,NA,NA,NA,NA
3166,1,Palustrine Herbaceous,4,3,NA,NA,NA,NA,NA,NA,NA,NA,NA,NA,NA,NA
3166,1,Palustrine Herbaceous,5,3,NA,NA,NA,NA,NA,NA,NA,NA,NA,NA,NA,NA
225,2,Estuarine Herbaceous,1,3,NA,NA,NA,NA,73.84920273,41.37831713,7.9,4.72,NA,NA,NA,NA
225,2,Estuarine Herbaceous,2,3,NA,NA,NA,NA,65.48952164,57.61025314,NA,NA,NA,NA,NA,NA
225,2,Estuarine Herbaceous,3,3,NA,NA,NA,NA,69.56218679,38.0049596,NA,NA,NA,NA,NA,NA
225,2,Estuarine Herbaceous,4,3,NA,NA,NA,NA,NA,NA,NA,NA,NA,NA,NA,NA
225,2,Estuarine Herbaceous,5,3,NA,NA,NA,NA,NA,NA,NA,NA,NA,NA,NA,NA
305,2,Estuarine Herbaceous,1,3,NA,NA,NA,NA,88.14697556,77.80134803,NA,NA,NA,NA,NA,NA
305,2,Estuarine Herbaceous,2,3,NA,NA,NA,NA,NA,81.23715044,NA,NA,NA,NA,NA,NA
305,2,Estuarine Herbaceous,3,3,NA,NA,NA,NA,83.06456852,85.40408686,NA,NA,NA,NA,NA,NA
305,2,Estuarine Herbaceous,4,3,NA,NA,NA,NA,NA,NA,NA,NA,NA,NA,NA,NA
305,2,Estuarine Herbaceous,5,3,NA,NA,NA,NA,NA,NA,NA,NA,NA,NA,NA,NA
398,2,Estuarine Herbaceous,1,3,NA,NA,NA,NA,70.95546697,NA,NA,NA,NA,NA,NA,NA
398,2,Estuarine Herbaceous,2,3,NA,NA,NA,NA,68.5440205,51.64467793,NA,NA,NA,NA,NA,NA
398,2,Estuarine Herbaceous,3,3,NA,NA,NA,NA,71.38416856,34.8273725,NA,NA,NA,NA,NA,NA
398,2,Estuarine Herbaceous,4,3,NA,NA,NA,NA,NA,NA,NA,NA,NA,NA,NA,NA
398,2,Estuarine Herbaceous,5,3,NA,NA,NA,NA,NA,NA,NA,NA,NA,NA,NA,NA
4045,2,Estuarine Herbaceous,1,3,NA,NA,NA,NA,NA,NA,7.74,5.39,NA,NA,NA,NA
4045,2,Estuarine Herbaceous,2,3,NA,NA,NA,NA,85.58045136,NA,NA,NA,NA,NA,NA,NA
4045,2,Estuarine Herbaceous,3,3,NA,NA,NA,NA,NA,73.00755788,NA,NA,NA,NA,NA,NA
4045,2,Estuarine Herbaceous,4,3,NA,NA,NA,NA,NA,NA,NA,NA,NA,NA,NA,NA
4045,2,Estuarine Herbaceous,5,3,NA,NA,NA,NA,NA,NA,NA,NA,NA,NA,NA,NA
4245,2,Estuarine Herbaceous,1,3,NA,NA,NA,NA,NA,NA,NA,NA,NA,NA,NA,NA
4245,2,Estuarine Herbaceous,2,3,NA,NA,NA,NA,NA,54.49010958,NA,NA,NA,NA,NA,NA
4245,2,Estuarine Herbaceous,3,3,NA,NA,NA,NA,NA,72.41158713,NA,NA,NA,NA,NA,NA
4245,2,Estuarine Herbaceous,4,3,NA,NA,NA,NA,NA,NA,NA,NA,NA,NA,NA,NA
4245,2,Estuarine Herbaceous,5,3,NA,NA,NA,NA,NA,NA,NA,NA,NA,NA,NA,NA
BA,2,Estuarine Herbaceous,1,3,NA,NA,NA,NA,86.11437572,61.20623928,7.71,7.44,NA,NA,NA,NA
BA,2,Estuarine Herbaceous,2,3,NA,NA,NA,NA,81.95962199,81.09377488,NA,NA,NA,NA,NA,NA
BA,2,Estuarine Herbaceous,3,3,NA,NA,NA,NA,84.96635166,72.08820128,NA,NA,NA,NA,NA,NA
BA,2,Estuarine Herbaceous,4,3,NA,NA,NA,NA,NA,NA,NA,NA,NA,NA,NA,NA
BA,2,Estuarine Herbaceous,5,3,NA,NA,NA,NA,NA,NA,NA,NA,NA,NA,NA,NA
253,3,Estuarine Herbaceous,1,3,NA,NA,NA,NA,78.08695652,54.82100179,8.9,7.45,NA,NA,NA,NA
253,3,Estuarine Herbaceous,2,3,NA,NA,NA,NA,69.1814093,48.06280222,NA,NA,NA,NA,NA,NA
253,3,Estuarine Herbaceous,3,3,NA,NA,NA,NA,57.664,NA,NA,NA,NA,NA,NA,NA
253,3,Estuarine Herbaceous,4,3,NA,NA,NA,NA,NA,NA,NA,NA,NA,NA,NA,NA
253,3,Estuarine Herbaceous,5,3,NA,NA,NA,NA,NA,NA,NA,NA,NA,NA,NA,NA
309,3,Estuarine Herbaceous,1,3,NA,NA,NA,NA,75.37200049,35.14976333,7.79,14.79,NA,NA,NA,NA
309,3,Estuarine Herbaceous,2,3,NA,NA,NA,NA,57.52646073,41.38543517,NA,NA,NA,NA,NA,NA
309,3,Estuarine Herbaceous,3,3,NA,NA,NA,NA,63.38474803,31.22888387,NA,NA,NA,NA,NA,NA
309,3,Estuarine Herbaceous,4,3,NA,NA,NA,NA,NA,NA,NA,NA,NA,NA,NA,NA
309,3,Estuarine Herbaceous,5,3,NA,NA,NA,NA,NA,NA,NA,NA,NA,NA,NA,NA
399,3,Estuarine Herbaceous,1,3,NA,NA,NA,NA,59.56992595,23.18265704,NA,NA,NA,NA,NA,NA
399,3,Estuarine Herbaceous,2,3,NA,NA,NA,NA,52.19860896,26.74504481,NA,NA,NA,NA,NA,NA
399,3,Estuarine Herbaceous,3,3,NA,NA,NA,NA,51.55409583,40.81657136,NA,NA,NA,NA,NA,NA
399,3,Estuarine Herbaceous,4,3,NA,NA,NA,NA,NA,NA,NA,NA,NA,NA,NA,NA
399,3,Estuarine Herbaceous,5,3,NA,NA,NA,NA,NA,NA,NA,NA,NA,NA,NA,NA
2825,3,Estuarine Herbaceous,1,3,NA,NA,NA,NA,56.13036463,45.74196865,NA,NA,NA,NA,NA,NA
2825,3,Estuarine Herbaceous,2,3,NA,NA,NA,NA,49.6281122,26.34583525,NA,NA,NA,NA,NA,NA
2825,3,Estuarine Herbaceous,3,3,NA,NA,NA,NA,62.89235131,38.39467283,NA,NA,NA,NA,NA,NA
2825,3,Estuarine Herbaceous,4,3,NA,NA,NA,NA,NA,NA,NA,NA,NA,NA,NA,NA
2825,3,Estuarine Herbaceous,5,3,NA,NA,NA,NA,NA,NA,NA,NA,NA,NA,NA,NA
3565,3,Estuarine Herbaceous,1,3,NA,NA,NA,NA,72.70241201,NA,NA,NA,NA,NA,NA,NA
3565,3,Estuarine Herbaceous,2,3,NA,NA,NA,NA,NA,NA,NA,NA,NA,NA,NA,NA
3565,3,Estuarine Herbaceous,3,3,NA,NA,NA,NA,NA,40.0167953,NA,NA,NA,NA,NA,NA
3565,3,Estuarine Herbaceous,4,3,NA,NA,NA,NA,NA,NA,NA,NA,NA,NA,NA,NA
3565,3,Estuarine Herbaceous,5,3,NA,NA,NA,NA,NA,NA,NA,NA,NA,NA,NA,NA
3617,3,Estuarine Herbaceous,1,3,NA,NA,NA,NA,53.97306748,28.0162373,9.15,18.56,NA,NA,NA,NA
3617,3,Estuarine Herbaceous,2,3,NA,NA,NA,NA,44.11015337,29.9474606,NA,NA,NA,NA,NA,NA
3617,3,Estuarine Herbaceous,3,3,NA,NA,NA,NA,37.10371166,18.63417365,NA,NA,NA,NA,NA,NA
3617,3,Estuarine Herbaceous,4,3,NA,NA,NA,NA,NA,NA,NA,NA,NA,NA,NA,NA
3617,3,Estuarine Herbaceous,5,3,NA,NA,NA,NA,NA,NA,NA,NA,NA,NA,NA,NA
175,4,Estuarine Herbaceous,1,3,NA,NA,NA,NA,73.88697789,14.88621915,NA,NA,NA,NA,NA,NA
175,4,Estuarine Herbaceous,2,3,NA,NA,NA,NA,83.95137183,40.8990508,NA,NA,NA,NA,NA,NA
175,4,Estuarine Herbaceous,3,3,NA,NA,NA,NA,73.01654382,52.00383969,NA,NA,NA,NA,NA,NA
175,4,Estuarine Herbaceous,4,3,NA,NA,NA,NA,NA,NA,NA,NA,NA,NA,NA,NA
175,4,Estuarine Herbaceous,5,3,NA,NA,NA,NA,NA,NA,NA,NA,NA,NA,NA,NA
224,4,Estuarine Herbaceous,1,3,NA,NA,NA,NA,88.98138904,30.3867516,7.695,13.68,NA,NA,NA,NA
224,4,Estuarine Herbaceous,2,3,NA,NA,NA,NA,79.42830762,44.67991961,NA,NA,NA,NA,NA,NA
224,4,Estuarine Herbaceous,3,3,NA,NA,NA,NA,88.43860033,35.00538299,NA,NA,NA,NA,NA,NA
224,4,Estuarine Herbaceous,4,3,NA,NA,NA,NA,NA,NA,NA,NA,NA,NA,NA,NA
224,4,Estuarine Herbaceous,5,3,NA,NA,NA,NA,NA,NA,NA,NA,NA,NA,NA,NA
237,4,Estuarine Herbaceous,1,3,NA,NA,NA,NA,83.62495905,14.61385505,NA,NA,NA,NA,NA,NA
237,4,Estuarine Herbaceous,2,3,NA,NA,NA,NA,76.4982801,43.95105585,NA,NA,NA,NA,NA,NA
237,4,Estuarine Herbaceous,3,3,NA,NA,NA,NA,78.89197379,26.82049026,NA,NA,NA,NA,NA,NA
237,4,Estuarine Herbaceous,4,3,NA,NA,NA,NA,NA,NA,NA,NA,NA,NA,NA,NA
237,4,Estuarine Herbaceous,5,3,NA,NA,NA,NA,NA,NA,NA,NA,NA,NA,NA,NA
337,4,Estuarine Herbaceous,1,3,NA,NA,NA,NA,73.36767915,36.77673739,NA,NA,NA,NA,NA,NA
337,4,Estuarine Herbaceous,2,3,NA,NA,NA,NA,68.28659136,55.4881335,NA,NA,NA,NA,NA,NA
337,4,Estuarine Herbaceous,3,3,NA,NA,NA,NA,75.44576579,56.00351972,NA,NA,NA,NA,NA,NA
337,4,Estuarine Herbaceous,4,3,NA,NA,NA,NA,NA,NA,NA,NA,NA,NA,NA,NA
337,4,Estuarine Herbaceous,5,3,NA,NA,NA,NA,NA,NA,NA,NA,NA,NA,NA,NA
377,4,Estuarine Herbaceous,1,3,NA,NA,NA,NA,79.81564019,20.25726963,NA,NA,NA,NA,NA,NA
377,4,Estuarine Herbaceous,2,3,NA,NA,NA,NA,81.08225691,29.73911655,NA,NA,NA,NA,NA,NA
377,4,Estuarine Herbaceous,3,3,NA,NA,NA,NA,68.00840309,32.01903467,NA,NA,NA,NA,NA,NA
377,4,Estuarine Herbaceous,4,3,NA,NA,NA,NA,NA,NA,NA,NA,NA,NA,NA,NA
377,4,Estuarine Herbaceous,5,3,NA,NA,NA,NA,NA,NA,NA,NA,NA,NA,NA,NA
4455,4,Estuarine Herbaceous,1,3,NA,NA,NA,NA,74.34947157,44.87729883,5.65,15.22,NA,NA,NA,NA
4455,4,Estuarine Herbaceous,2,3,NA,NA,NA,NA,71.12264603,47.66481603,NA,NA,NA,NA,NA,NA
4455,4,Estuarine Herbaceous,3,3,NA,NA,NA,NA,80.15078839,51.00391969,NA,NA,NA,NA,NA,NA
4455,4,Estuarine Herbaceous,4,3,NA,NA,NA,NA,NA,NA,NA,NA,NA,NA,NA,NA
4455,4,Estuarine Herbaceous,5,3,NA,NA,NA,NA,NA,NA,NA,NA,NA,NA,NA,NA
